seller_rank,orders,units,item_revenue,freight,average_review,late_rate,freight_burden
1,1132,1156,229472.63,20168.07,4.122822299651568,0.11505190311418685,0.08788878220465769
2,358,410,222776.05,13080.63,4.075980392156863,0.03902439024390244,0.05871650027011431
3,1806,1987,200472.92,35067.04,3.803261977573904,0.10770005032712632,0.17492158043091305
4,585,586,194042.03,10042.7,4.34020618556701,0.10068259385665529,0.05175528209017397
5,982,1364,187923.89,51612.55,3.3414454277286136,0.09530791788856305,0.27464602824047546
6,336,340,176431.87,6322.18,4.206489675516224,0.052941176470588235,0.0358335486666893
7,1314,1551,160236.57,24955.75,4.063754045307443,0.07285622179239201,0.15574316150177203
8,1160,1171,141745.53,20902.85,4.234509466437177,0.05807002561912895,0.14746743689201344
9,915,1428,138968.55,33892.14,3.853107344632768,0.09173669467787114,0.24388352616473297
10,1287,1499,135171.7,25430.98,4.050437121721587,0.07938625750500333,0.18813834552646744
11,521,542,128111.19,11798.5,4.181308411214953,0.06088560885608856,0.09209578023590288
12,1854,2033,123304.83,27960.94,3.908142999006951,0.06099360550909985,0.2267627310300821
13,740,798,114774.5,14135.21,4.214285714285714,0.09273182957393483,0.12315636312944077
14,565,578,113628.97,8632.05,4.001742160278746,0.11764705882352941,0.07596698271576341
15,325,346,112155.53,13661.39,3.991228070175439,0.057803468208092484,0.1218075470732473
16,1404,1931,106939.20999999999,35165.770000000004,3.987259490379615,0.09425168306576903,0.3288388795840179
17,1706,1775,104288.42,25668.99,4.066402565553669,0.05802816901408451,0.24613461398686454
18,718,770,101901.16,31844.09,4.189048239895698,0.05454545454545454,0.31249977919780303
19,1080,1147,94914.2,22433.51,4.113656387665198,0.05841325196163906,0.23635567702198407
20,166,175,79284.55,3905.1,4.434285714285714,0.07428571428571429,0.04925423679645025
21,187,192,74004.62,5256.98,4.282722513089006,0.07291666666666667,0.07103583533028072
22,219,230,68395.0,4341.01,4.2043478260869565,0.16521739130434782,0.06346969807734484
23,294,306,65959.61,4721.34,4.3841059602649,0.08496732026143791,0.07157925888282238
24,387,435,64925.3,9659.0,4.225806451612903,0.09655172413793103,0.14877097217879623
25,712,830,64009.89,14371.4,3.850985221674877,0.05301204819277108,0.22451842988638163
26,94,94,60130.6,3054.39,3.882978723404255,0.11702127659574468,0.0507959341832611
27,174,180,57168.49,4661.32,3.897727272727273,0.1,0.08153652475340874
28,255,268,56363.24,5239.96,4.139097744360902,0.07835820895522388,0.09296768603082435
29,334,343,55578.57,7946.72,3.9073529411764705,0.08163265306122448,0.1429817283891975
30,339,379,55426.1,9686.65,4.159151193633952,0.0395778364116095,0.17476694192808082
31,272,281,55350.55,6083.33,4.317689530685921,0.02491103202846975,0.10990550229401513
32,388,427,55093.28,7644.26,4.149411764705882,0.08899297423887588,0.1387512233796935
33,158,269,54679.22,7000.11,3.718283582089552,0.05947955390334572,0.12802139459926457
34,117,122,53201.78,4239.16,4.237704918032787,0.09836065573770492,0.07968079263513364
35,203,211,52917.18,6331.84,4.14975845410628,0.05687203791469194,0.11965565814353675
36,337,363,51676.88,6496.14,4.108333333333333,0.08264462809917356,0.12570689252137515
37,75,75,51286.05,1649.82,3.8513513513513513,0.02666666666666667,0.032168981623657895
38,57,58,51057.54,2856.22,4.586206896551724,0.0,0.055941198890506666
39,30,31,50628.9,1000.59,4.193548387096774,0.0967741935483871,0.01976321824096514
40,667,724,50525.6,12554.2,4.220833333333333,0.058011049723756904,0.2484720616875406
41,56,61,48019.0,9793.43,4.344262295081967,0.08196721311475409,0.2039490618296924
42,385,431,47017.69,7853.81,3.8309859154929575,0.17633410672853828,0.16703946961239483
43,320,389,46610.4,8453.59,4.0490956072351425,0.11311053984575835,0.18136703396666837
44,420,454,46030.37,7274.38,3.89532293986637,0.10572687224669604,0.15803435862018922
45,354,373,45643.74,5573.48,4.0431266846361185,0.08847184986595175,0.12210831101921095
46,187,192,45355.36,3114.41,4.287234042553192,0.0625,0.06866685657439385
47,152,155,44985.17,2725.07,4.15483870967742,0.12903225806451613,0.0605770746225923
48,38,38,44212.5,1311.0,4.421052631578948,0.05263157894736842,0.02965224766751484
49,83,84,43739.84,3055.44,4.428571428571429,0.03571428571428571,0.069854850863652
50,369,395,43587.4,7898.91,4.1725888324873095,0.04556962025316456,0.18122003147698645
51,657,750,43162.95,10139.71,4.166219839142091,0.07333333333333333,0.2349169831997118
52,278,307,43048.18,6079.63,4.447712418300654,0.02280130293159609,0.14122850257548636
53,33,36,42829.0,920.93,4.027777777777778,0.027777777777777776,0.02150248663288893
54,202,212,42628.61,3231.4900000000002,2.7139423076923075,0.1320754716981132,0.0758056619720887
55,535,536,40889.74,9290.77,4.092731829573935,0.061567164179104475,0.2272151889447084
56,125,149,40703.14,8828.43,4.204081632653061,0.08053691275167785,0.216898008360043
57,526,613,39951.95,10190.88,3.961348684210526,0.09461663947797716,0.25507841294354844
58,66,66,39907.5,4299.92,4.545454545454546,0.06060606060606061,0.10774716531980204
59,79,87,39815.0,6889.13,3.453488372093023,0.20689655172413793,0.17302850684415422
60,268,326,39465.1,5955.43,3.8584615384615386,0.0950920245398773,0.15090370986010426
61,319,331,37373.56,6915.6,4.047112462006079,0.07854984894259819,0.18503990521641506
62,1146,1203,37177.52,17544.77,3.952341137123746,0.10224438902743142,0.4719187831786521
63,245,259,37153.4,5043.78,3.8443579766536966,0.10424710424710425,0.13575554323426656
64,203,216,37070.4,4408.52,4.032558139534884,0.046296296296296294,0.11892291423885365
65,261,338,36537.369999999995,3938.91,4.3014925373134325,0.07988165680473373,0.10780496789998843
66,18,18,36459.0,1198.77,4.277777777777778,0.0,0.032879947338105814
67,392,405,36408.95,12141.29,4.0,0.2345679012345679,0.3334699297837483
68,338,361,34725.43,6855.65,4.421052631578948,0.04709141274238227,0.19742448113673466
69,216,269,34343.06,4688.5,3.9442379182156135,0.12267657992565056,0.13651957629867578
70,406,429,33776.78,8012.38,4.2266355140186915,0.023310023310023312,0.23721562564578388
71,157,206,33702.78,2900.18,4.019607843137255,0.09223300970873786,0.08605165508601961
72,131,159,33461.6,4079.96,4.082278481012659,0.08176100628930817,0.12192961484208766
73,423,558,33344.21,8741.95,3.591485507246377,0.1039426523297491,0.2621729529654474
74,98,100,32862.02,1775.64,4.1313131313131315,0.03,0.05403319698545617
75,161,167,32689.1,3749.65,3.9451219512195124,0.05389221556886228,0.11470643119571969
76,312,327,32208.16,7797.2,3.717391304347826,0.13149847094801223,0.24208771938539797
77,108,114,31994.649999999998,2769.52,4.348214285714286,0.07017543859649122,0.08656197207970708
78,59,77,31941.81,2916.12,4.12,0.11688311688311688,0.09129476382208772
79,70,84,31574.3,2229.67,4.25,0.08333333333333333,0.07061660907763594
80,248,302,31546.550000000003,4996.55,3.355481727574751,0.19536423841059603,0.15838657476015602
81,238,246,31397.7,6853.91,4.3061224489795915,0.056910569105691054,0.2182933781773824
82,305,339,31095.98,7218.33,4.362426035502959,0.05604719764011799,0.2321306483989249
83,315,328,30858.53,5606.91,3.7699386503067487,0.10670731707317073,0.1816972487023847
84,473,522,30148.95,9887.24,4.040384615384616,0.05172413793103448,0.3279464127274747
85,39,39,29205.1,2749.7400000000002,4.410256410256411,0.02564102564102564,0.09415273359789901
86,88,88,29099.690000000002,2368.25,4.188235294117647,0.13636363636363635,0.08138402848965057
87,247,269,29052.53,6798.26,4.2434456928838955,0.07063197026022305,0.23399889785846537
88,164,210,28592.32,3615.32,4.002392344497608,0.03333333333333333,0.12644374433414288
89,159,174,27349.53,2986.4,4.133720930232558,0.13218390804597702,0.10919383258140086
90,125,133,27184.5,4897.57,3.9696969696969697,0.12781954887218044,0.1801603855138038
91,215,240,26942.6,5396.46,3.7857142857142856,0.0875,0.2002947005856896
92,45,46,26874.0,2957.02,4.088888888888889,0.043478260869565216,0.11003274540448017
93,135,135,26774.0,3568.69,4.522388059701493,0.014814814814814815,0.1332893852244715
94,254,263,26533.32,5241.95,4.388461538461539,0.045627376425855515,0.19756102892514016
95,164,181,26399.670000000002,2682.14,4.281767955801105,0.08839779005524862,0.10159748208973823
96,397,430,26361.82,6030.04,4.28169014084507,0.046511627906976744,0.22874141466712086
97,402,410,25716.44,5456.67,4.044226044226044,0.1073170731707317,0.21218605685701444
98,162,181,25670.72,2999.8,4.1602209944751385,0.12154696132596685,0.11685687039553234
99,39,39,25346.1,1022.39,4.297297297297297,0.07692307692307693,0.040337172188226196
100,197,202,25108.09,4742.8,4.422885572139304,0.06435643564356436,0.18889529231415053
101,200,239,25080.03,8854.14,3.902542372881356,0.05439330543933055,0.35303546287624055
102,411,529,24982.53,8138.06,3.8550863723608444,0.09829867674858223,0.3257500341238458
103,142,171,24832.75,2896.41,3.9298245614035086,0.03508771929824561,0.11663669951978738
104,18,18,24699.19,486.3,1.7222222222222223,0.5,0.01968890477784899
105,32,32,24665.0,2125.59,4.375,0.125,0.08617839043178593
106,231,249,24180.77,4614.32,3.7771084337349397,0.0642570281124498,0.19082601587956047
107,4,15,24075.0,412.6,1.4,0.06666666666666667,0.017138110072689512
108,136,142,23979.11,3875.96,3.397163120567376,0.04225352112676056,0.16163902663610116
109,52,54,23629.15,905.95,4.388888888888889,0.0,0.03834035502758246
110,167,178,23302.7,4291.42,4.165730337078652,0.05056179775280899,0.1841597754766615
111,12,12,23168.0,655.99,2.3636363636363638,0.08333333333333333,0.02831448549723757
112,107,110,23065.02,2307.06,4.427272727272728,0.01818181818181818,0.10002419247848039
113,317,430,23023.92,6863.55,3.390845070422535,0.11627906976744186,0.2981051879957888
114,99,109,22873.21,2078.06,3.073394495412844,0.10091743119266056,0.09085126224084858
115,32,32,22600.63,672.15,4.387096774193548,0.09375,0.029740321398120315
116,151,184,22505.1,3545.22,3.7679558011049723,0.125,0.1575296266179666
117,79,84,22490.6,1894.42,4.5476190476190474,0.011904761904761904,0.08423163454954515
118,92,95,22188.56,2193.28,3.903225806451613,0.021052631578947368,0.09884733394145452
119,187,200,22078.29,3325.84,3.91,0.07,0.15063847788936552
120,59,62,21992.78,1815.39,4.209677419354839,0.04838709677419355,0.08254481698084554
121,20,20,21940.8,1754.4,3.65,0.25,0.07996062130824766
122,153,175,21712.9,3837.11,4.063218390804598,0.14285714285714285,0.17672029070276193
123,126,128,21708.57,2046.19,4.21259842519685,0.0625,0.09425724494980554
124,524,631,21223.92,9593.88,3.6813804173354736,0.05229793977812995,0.45203148146054073
125,68,91,20510.14,2082.03,3.758241758241758,0.02197802197802198,0.101512227610343
126,96,115,20485.079999999998,4994.57,4.2894736842105265,0.09565217391304348,0.2438150107297604
127,135,172,20260.0,3180.66,4.3274853801169595,0.08139534883720931,0.15699210266535044
128,117,118,19921.0,2724.05,4.2844827586206895,0.05084745762711865,0.13674263340193765
129,158,170,19712.71,3551.23,4.1437125748503,0.07647058823529412,0.1801492539584867
130,60,60,19242.9,910.14,4.2,0.06666666666666667,0.04729744477183792
131,28,29,19187.42,1552.83,3.4285714285714284,0.3103448275862069,0.0809295882406285
132,199,234,19093.0,3714.22,3.769396551724138,0.0641025641025641,0.19453307494893415
133,49,60,19025.36,1107.47,4.083333333333333,0.016666666666666666,0.05821019943906449
134,55,58,18988.4,3581.73,4.120689655172414,0.05172413793103448,0.18862726717364284
135,63,64,18969.0,1212.23,4.031746031746032,0.0625,0.06390584638093733
136,144,153,18729.64,3172.29,3.7565789473684212,0.0457516339869281,0.16937271618674998
137,125,132,18569.7,2207.49,3.8396946564885495,0.19696969696969696,0.11887591075784744
138,161,193,18446.92,5319.5,3.953125,0.09844559585492228,0.288367922666765
139,90,92,17942.8,2062.56,4.483516483516484,0.09782608695652174,0.11495195844572753
140,54,55,17765.8,1121.52,4.054545454545455,0.14545454545454545,0.0631280325119049
141,72,81,17560.34,1722.07,4.530864197530864,0.06172839506172839,0.09806586888408766
142,943,1018,17535.69,14156.36,3.995069033530572,0.10117878192534381,0.8072884500125175
143,21,22,17522.0,1211.18,4.454545454545454,0.0,0.06912338774112545
144,50,64,17481.4,1600.03,3.6875,0.125,0.09152756644204697
145,182,220,17348.79,4107.04,4.032110091743119,0.05,0.23673351282711935
146,123,140,17309.06,2702.24,4.282608695652174,0.04285714285714286,0.1561170855031989
147,68,76,17286.28,1429.37,4.333333333333333,0.039473684210526314,0.08268812028961697
148,200,204,17226.44,3387.96,4.3399014778325125,0.09803921568627451,0.1966720924346528
149,50,50,17159.0,999.23,3.9183673469387754,0.16,0.058233580045457194
150,195,231,17112.55,3930.36,4.138528138528138,0.05627705627705628,0.22967704988444154
151,66,78,17062.59,1432.34,3.7243589743589745,0.08974358974358974,0.08394622387339788
152,64,69,16911.8,3543.4900000000002,4.1231884057971016,0.028985507246376812,0.20952766707269482
153,12,12,16788.0,269.28000000000003,4.25,0.08333333333333333,0.016040028591851323
154,180,210,16619.93,3968.67,4.002392344497608,0.02857142857142857,0.23878981439753355
155,65,65,16320.99,1445.35,4.446153846153846,0.015384615384615385,0.08855774067627024
156,217,240,16234.81,4368.52,4.054621848739496,0.13333333333333333,0.26908353100529053
157,129,140,16223.300000000001,2315.65,4.3428571428571425,0.07857142857142857,0.1427360647956951
158,307,340,16055.87,4530.9,4.437869822485207,0.058823529411764705,0.28219585734064856
159,27,29,16040.84,522.03,4.310344827586207,0.10344827586206896,0.032543806932804016
160,110,142,15960.95,2499.27,3.8865248226950353,0.04929577464788732,0.15658654403403305
161,218,222,15915.3,3389.8,4.351351351351352,0.07657657657657657,0.21299001589665292
162,164,168,15819.1,3451.51,4.2379518072289155,0.02976190476190476,0.2181862432123193
163,121,148,15744.0,2362.57,3.643835616438356,0.02027027027027027,0.15006161077235775
164,21,21,15731.43,875.99,4.285714285714286,0.0,0.05568406686486861
165,77,77,15645.8,1758.01,4.558441558441558,0.012987012987012988,0.11236306229147759
166,28,33,15633.4,879.91,4.696969696969697,0.030303030303030304,0.056283981731421184
167,114,128,15519.85,4374.41,3.71875,0.046875,0.2818590385860688
168,509,522,15415.24,8614.34,4.167630057803469,0.034482758620689655,0.55881971347835
169,155,194,15379.5,3460.46,3.7853403141361257,0.10824742268041238,0.22500471406742742
170,121,125,15360.07,1894.52,3.943548387096774,0.088,0.12334058373431891
171,42,43,15348.7,1112.08,4.166666666666667,0.09302325581395349,0.07245434466762657
172,65,66,15230.06,2066.89,4.196969696969697,0.10606060606060606,0.13571121847189047
173,136,143,15092.79,4012.35,4.0,0.055944055944055944,0.26584547986157625
174,62,72,15048.28,1431.23,3.8194444444444446,0.1388888888888889,0.0951092084942598
175,5,5,14999.449999999999,201.11,4.8,0.0,0.013407824953581633
176,129,131,14921.43,2768.64,4.346153846153846,0.061068702290076333,0.1855478998996745
177,113,117,14760.300000000001,3031.37,4.103448275862069,0.05982905982905983,0.20537319702174073
178,54,55,14737.84,1382.82,4.527272727272727,0.01818181818181818,0.09382786079914017
179,13,13,14699.87,1482.51,3.3076923076923075,0.07692307692307693,0.10085191229582302
180,261,346,14592.27,4397.57,3.757309941520468,0.08959537572254335,0.3013629819075442
181,79,83,14504.2,1040.68,4.609756097560975,0.024096385542168676,0.07175025165124585
182,85,130,14497.27,1715.24,2.973076923076923,0.12307692307692308,0.11831468959328205
183,9,9,14391.0,759.37,2.0,0.1111111111111111,0.05276700715725106
184,149,156,14383.2,3019.27,4.438709677419355,0.03205128205128205,0.20991643027977083
185,16,16,14368.61,678.02,3.3333333333333335,0.125,0.04718758460282518
186,151,156,14362.3,3218.77,4.451612903225806,0.07051282051282051,0.22411243324537158
187,83,92,14103.3,1249.17,4.456521739130435,0.10869565217391304,0.08857288719661356
188,11,18,14069.630000000001,496.11,3.4444444444444446,0.2222222222222222,0.03526105519477058
189,104,121,14061.789999999999,2451.9,3.8916666666666666,0.06611570247933884,0.17436613688584457
190,59,59,14059.380000000001,1136.74,4.398305084745763,0.03389830508474576,0.08085278298189535
191,127,137,13894.710000000001,2887.4500000000003,4.036496350364963,0.12408759124087591,0.20780930296494135
192,129,146,13863.69,2626.45,3.8949275362318843,0.1095890410958904,0.18944811951219334
193,101,110,13823.8,3397.14,4.102803738317757,0.03636363636363636,0.2457457428492889
194,60,63,13769.01,2019.29,4.095238095238095,0.14285714285714285,0.14665469775967915
195,94,95,13696.9,2096.31,3.851063829787234,0.12631578947368421,0.15304996020997452
196,45,47,13685.710000000001,1935.45,4.3478260869565215,0.02127659574468085,0.1414212342655222
197,64,75,13670.7,2376.4700000000003,3.8266666666666667,0.25333333333333335,0.1738367457408911
198,78,79,13602.73,2440.78,4.089743589743589,0.05063291139240506,0.17943309909113833
199,166,176,13593.4,3260.97,3.913793103448276,0.06818181818181818,0.23989362484735238
200,36,36,13592.08,860.57,4.277777777777778,0.05555555555555555,0.06331407702132419
201,16,17,13585.16,844.29,3.7058823529411766,0.11764705882352941,0.062147961452055034
202,110,126,13544.95,2094.34,4.579365079365079,0.015873015873015872,0.15462146408809188
203,51,78,13533.65,1475.09,3.4935064935064934,0.11538461538461539,0.10899424767154463
204,130,144,13440.8,2883.09,4.02112676056338,0.09722222222222222,0.21450285697279925
205,78,81,13436.0,1159.43,3.7875,0.08641975308641975,0.08629279547484371
206,40,41,13422.24,982.04,4.3,0.0,0.07316513488061605
207,115,137,13341.57,1659.8600000000001,2.198529411764706,0.18248175182481752,0.12441264408911397
208,24,26,13312.4,525.82,4.153846153846154,0.07692307692307693,0.03949851266488387
209,162,186,13248.87,3372.59,4.135135135135135,0.03763440860215054,0.2545568037123166
210,7,7,13243.0,393.28,3.857142857142857,0.14285714285714285,0.029697198519972812
211,17,18,13205.9,868.8,4.5,0.1111111111111111,0.06578877622880681
212,122,123,13191.5,2394.55,3.8524590163934427,0.13821138211382114,0.18152219232081265
213,87,92,13154.7,1761.69,3.7282608695652173,0.043478260869565216,0.13392095600811876
214,208,219,13147.1,2940.5,4.36697247706422,0.0547945205479452,0.22366149188794487
215,66,70,13139.17,1135.35,3.9,0.1,0.08640956772764184
216,74,78,13132.2,1854.45,3.8974358974358974,0.038461538461538464,0.14121396262621647
217,117,125,13109.5,2141.35,3.774193548387097,0.152,0.16334337694038673
218,70,70,13012.42,1932.26,4.246376811594203,0.07142857142857142,0.148493516194528
219,97,104,12983.810000000001,2656.4,4.221153846153846,0.009615384615384616,0.20459325883542656
220,30,30,12938.3,625.36,4.607142857142857,0.1,0.048334016060842616
221,52,56,12936.0,1030.71,4.196428571428571,0.07142857142857142,0.07967764378478664
222,5,5,12925.0,348.42,4.0,0.2,0.026957059961315283
223,41,41,12913.5,739.39,3.317073170731707,0.1951219512195122,0.057257134007046885
224,147,184,12803.64,3432.56,3.959016393442623,0.10326086956521739,0.26809251119212973
225,103,104,12775.84,3016.39,4.568627450980392,0.028846153846153848,0.23610110959435934
226,32,40,12759.45,610.31,3.725,0.025,0.04783199902817127
227,53,55,12750.5,1165.66,3.8333333333333335,0.05454545454545454,0.09142072859887848
228,23,35,12732.6,1902.28,3.6285714285714286,0.02857142857142857,0.14940232159967326
229,45,45,12708.55,973.7,4.488888888888889,0.044444444444444446,0.07661771012428642
230,167,173,12687.68,2434.69,4.158823529411765,0.06358381502890173,0.191894026331055
231,103,135,12684.9,2285.09,3.791044776119403,0.044444444444444446,0.18014253167151498
232,63,69,12630.0,1183.84,4.398550724637682,0.0,0.09373238321456848
233,31,31,12480.0,497.99,3.935483870967742,0.25806451612903225,0.03990304487179487
234,75,86,12477.64,3117.48,3.4352941176470586,0.05813953488372093,0.24984532331434472
235,396,429,12357.03,6069.22,3.897196261682243,0.053613053613053616,0.49115523714031606
236,65,66,12333.390000000001,1306.02,4.123076923076923,0.10606060606060606,0.10589302697798414
237,92,108,12277.4,2038.48,4.165048543689321,0.07407407407407407,0.16603515402283872
238,138,151,12271.710000000001,2911.93,4.046357615894039,0.06622516556291391,0.2372880389122624
239,13,13,12251.0,960.87,4.0,0.0,0.07843196473757244
240,18,18,12227.82,531.11,4.176470588235294,0.05555555555555555,0.04343456151628009
241,84,85,12170.210000000001,1487.1299999999999,4.0476190476190474,0.07058823529411765,0.1221942760231746
242,77,98,12077.52,1451.66,4.204081632653061,0.09183673469387756,0.12019520563824361
243,94,96,12076.5,1984.77,4.28421052631579,0.03125,0.16434977021488015
244,202,221,11990.9,2947.98,4.0588235294117645,0.02262443438914027,0.24585143733998283
245,75,112,11983.28,3808.84,3.765765765765766,0.05357142857142857,0.31784619903732536
246,8,9,11961.829999999998,571.77,2.6666666666666665,0.0,0.04779954237771312
247,533,560,11908.849999999999,9785.6,4.176895306859206,0.0625,0.8217082253953993
248,29,36,11900.9,754.75,3.242424242424242,0.08333333333333333,0.06341957330958163
249,15,15,11892.0,1218.7,4.2,0.13333333333333333,0.10248065926673394
250,22,27,11857.08,621.75,4.444444444444445,0.14814814814814814,0.05243702496736127
251,50,56,11821.5,1524.96,3.875,0.05357142857142857,0.12899885801294253
252,88,92,11806.4,1885.85,4.054347826086956,0.15217391304347827,0.15973116275918145
253,161,180,11805.5,2579.15,3.8944444444444444,0.06111111111111111,0.21847020456566854
254,31,31,11798.69,853.78,4.129032258064516,0.03225806451612903,0.07236227072666541
255,78,84,11793.89,3082.65,4.107142857142857,0.08333333333333333,0.2613768654786504
256,53,55,11766.94,1379.58,3.8173076923076925,0.10909090909090909,0.11724203573741346
257,40,41,11703.07,1438.73,4.560975609756097,0.04878048780487805,0.122936118471478
258,17,17,11702.1,326.69,4.294117647058823,0.058823529411764705,0.027917211440681586
259,108,117,11691.61,1705.24,4.384615384615385,0.05128205128205128,0.14585159785521412
260,17,17,11468.98,569.37,3.9411764705882355,0.29411764705882354,0.049644345007141
261,98,100,11441.56,2713.34,4.292929292929293,0.04,0.23714773160303318
262,18,20,11395.05,1468.3600000000001,4.6,0.05,0.12885946090627073
263,206,209,11389.1,2906.14,4.2860576923076925,0.023923444976076555,0.2551685383392893
264,92,98,11315.89,2105.16,3.8958333333333335,0.09183673469387756,0.18603574265921638
265,179,202,11205.83,3594.6,4.0,0.04455445544554455,0.3207794514105604
266,149,157,11188.57,2529.89,4.445859872611465,0.01910828025477707,0.22611379291544853
267,139,181,11171.9,2694.29,4.1722222222222225,0.06077348066298342,0.24116667710953374
268,12,12,11062.0,1723.73,4.333333333333333,0.16666666666666666,0.1558244440426686
269,211,228,11015.19,3327.95,4.18859649122807,0.09649122807017543,0.3021237037218604
270,95,115,11011.05,1363.57,3.526315789473684,0.1565217391304348,0.12383650968799524
271,175,193,11009.960000000001,3233.54,4.00261780104712,0.031088082901554404,0.2936922568292709
272,98,104,11002.89,1660.99,4.077669902912621,0.0673076923076923,0.1509594297498203
273,78,86,10961.300000000001,2203.54,2.9382716049382718,0.3023255813953488,0.20102907501847406
274,42,80,10930.02,1485.9,3.35,0.0625,0.13594668628236728
275,108,113,10816.7,2037.18,3.794392523364486,0.05309734513274336,0.1883365536623924
276,237,269,10711.7,4363.61,4.3226415094339625,0.01486988847583643,0.40736857828355905
277,135,164,10682.65,2329.22,3.8714285714285714,0.018292682926829267,0.21803765919504992
278,127,139,10657.18,2109.53,4.158273381294964,0.11510791366906475,0.19794448437579173
279,89,90,10544.300000000001,1466.83,4.022471910112359,0.044444444444444446,0.13911117855144484
280,87,92,10505.1,2187.63,4.130434782608695,0.0,0.2082445669246366
281,192,207,10482.83,2507.02,4.089805825242719,0.09178743961352658,0.2391548847019364
282,58,58,10454.2,1845.57,4.568965517241379,0.034482758620689655,0.17653861605861756
283,152,187,10327.130000000001,2577.95,4.144385026737968,0.10695187165775401,0.24962889011758344
284,50,52,10309.42,858.56,3.75,0.23076923076923078,0.08327917574412527
285,105,126,10295.01,1888.9,4.357142857142857,0.015873015873015872,0.1834772380017115
286,67,79,10292.310000000001,1689.9,4.405063291139241,0.012658227848101266,0.16419054614561746
287,8,9,10220.5,698.24,4.222222222222222,0.0,0.0683175969864488
288,12,12,10173.11,889.61,4.333333333333333,0.0,0.08744720149492141
289,22,22,10103.52,457.57,4.454545454545454,0.13636363636363635,0.045288176793830265
290,63,78,10022.82,3055.11,3.0789473684210527,0.1282051282051282,0.3048154112315696
291,87,89,10021.49,1498.72,4.303370786516854,0.011235955056179775,0.14955061572680312
292,71,111,10000.64,2392.59,3.614678899082569,0.09009009009009009,0.23924368840394217
293,21,22,9983.1,720.65,3.3636363636363638,0.2727272727272727,0.07218699602327934
294,98,100,9979.7,1533.11,4.515151515151516,0.04,0.15362285439442067
295,4,4,9946.0,136.56,3.75,0.5,0.013730142770963202
296,14,14,9925.5,739.31,4.153846153846154,0.07142857142857142,0.07448592010478061
297,210,219,9843.47,3126.55,4.0963302752293576,0.0639269406392694,0.31762681249599994
298,324,340,9771.43,5197.0,3.9017857142857144,0.08529411764705883,0.531856647389379
299,116,129,9754.83,2365.89,4.007751937984496,0.023255813953488372,0.24253523639058805
300,212,228,9738.2,3217.78,3.528888888888889,0.08771929824561403,0.3304286213057855
301,93,98,9731.85,1342.79,4.336734693877551,0.04081632653061224,0.13797890431932264
302,71,138,9731.85,3439.52,3.7246376811594204,0.021739130434782608,0.3534292041081603
303,61,67,9729.36,2008.82,4.212121212121212,0.04477611940298507,0.20646990141180918
304,29,32,9669.8,930.83,3.625,0.0625,0.09626155659889554
305,34,34,9619.09,713.1,3.9411764705882355,0.14705882352941177,0.07413383178658273
306,43,43,9615.7,2296.92,4.348837209302325,0.046511627906976744,0.23887184500348388
307,23,24,9608.699999999999,413.37,4.291666666666667,0.16666666666666666,0.0430203877735802
308,29,41,9606.8,1178.99,4.05,0.0,0.1227245284590082
309,30,30,9575.5,781.39,4.4,0.1,0.08160304944911492
310,201,220,9553.619999999999,3035.67,4.168949771689498,0.05,0.3177507583512847
311,154,162,9482.87,2146.0,3.632716049382716,0.043209876543209874,0.22630279651624455
312,94,97,9478.300000000001,2044.36,4.185567010309279,0.1134020618556701,0.21568846734118985
313,18,20,9422.4,546.1,3.736842105263158,0.0,0.05795763287485142
314,73,73,9420.880000000001,1814.3899999999999,4.267605633802817,0.0547945205479452,0.19259241174922084
315,68,74,9410.380000000001,1705.57,3.9726027397260273,0.04054054054054054,0.18124347794669288
316,68,69,9402.2,1232.82,4.260869565217392,0.014492753623188406,0.1311203760821935
317,3,3,9399.97,379.49,4.666666666666667,0.0,0.040371405440655664
318,38,41,9397.54,1077.44,4.195121951219512,0.14634146341463414,0.1146512810799422
319,30,33,9385.699999999999,719.65,3.909090909090909,0.030303030303030304,0.07667515475670436
320,105,112,9376.95,2331.07,4.053571428571429,0.026785714285714284,0.2485957587488469
321,143,155,9375.7,2591.45,3.861842105263158,0.12903225806451613,0.2764006954147423
322,6,6,9353.0,697.04,4.5,0.0,0.07452582059232331
323,51,51,9264.78,1286.28,4.18,0.13725490196078433,0.13883546074488545
324,129,131,9251.4,2421.8,4.3816793893129775,0.04580152671755725,0.26177659597466335
325,53,55,9205.0,1722.37,4.185185185185185,0.07272727272727272,0.18711243889190657
326,122,143,9178.51,2893.4900000000002,3.76056338028169,0.14685314685314685,0.31524615651124205
327,82,89,9177.9,2875.98,4.136363636363637,0.0449438202247191,0.3133592651913837
328,16,18,9139.2,485.06,4.0625,0.0,0.05307466736694678
329,119,128,9108.2,3000.74,4.078740157480315,0.0625,0.32945477701411907
330,65,66,9101.0,1183.82,4.030769230769231,0.09090909090909091,0.1300758158444127
331,132,137,9077.4,1999.1499999999999,4.213235294117647,0.0364963503649635,0.22023376737832417
332,26,30,9070.0,525.77,4.366666666666666,0.1,0.057968026460859974
333,60,61,9062.3,2833.74,3.8666666666666667,0.13114754098360656,0.31269545258929854
334,174,225,9027.4,2604.21,4.0,0.05333333333333334,0.28847841017347187
335,68,74,9000.87,1122.19,3.77027027027027,0.05405405405405406,0.12467572579095132
336,11,11,8959.89,204.62,4.0,0.0,0.022837333940483647
337,93,98,8888.3,1593.95,4.091836734693878,0.10204081632653061,0.17933125569568986
338,36,38,8884.0,2970.42,4.2368421052631575,0.07894736842105263,0.33435614588023416
339,18,21,8865.47,779.15,4.523809523809524,0.047619047619047616,0.08788592144578912
340,44,44,8830.82,695.12,3.727272727272727,0.13636363636363635,0.07871522689852131
341,265,328,8823.52,4231.84,4.079754601226994,0.04878048780487805,0.47960904491631456
342,98,106,8816.7,1757.55,2.952830188679245,0.24528301886792453,0.1993432917077818
343,260,270,8814.199999999999,4305.14,4.235074626865671,0.03333333333333333,0.4884323024210933
344,21,26,8757.98,593.62,3.5,0.07692307692307693,0.06778046992571347
345,121,148,8711.53,2198.03,3.3945578231292517,0.0472972972972973,0.2523127395532128
346,58,66,8711.4,1213.67,4.28030303030303,0.06060606060606061,0.1393197419473334
347,114,128,8699.34,2770.85,4.3858267716535435,0.015625,0.3185126687771716
348,51,54,8684.69,1565.51,4.222222222222222,0.018518518518518517,0.18026089589841432
349,22,24,8606.25,2009.08,4.041666666666667,0.041666666666666664,0.23344429920116194
350,47,48,8599.0,975.27,3.7291666666666665,0.10416666666666667,0.11341667635771602
351,138,165,8526.04,2739.21,4.213414634146342,0.01818181818181818,0.3212757622530506
352,35,36,8517.35,688.9399999999999,4.0,0.08333333333333333,0.08088666075716038
353,165,196,8411.04,2873.92,4.081081081081081,0.08163265306122448,0.3416842625882174
354,44,54,8353.3,895.63,3.9245283018867925,0.12962962962962962,0.10721870398525135
355,55,56,8341.89,1034.64,4.035714285714286,0.03571428571428571,0.12402944656426783
356,56,91,8338.25,1519.6200000000001,4.274725274725275,0.054945054945054944,0.18224687434413697
357,62,73,8318.63,954.7,3.7916666666666665,0.0273972602739726,0.11476649400201717
358,21,24,8295.13,629.8199999999999,3.6041666666666665,0.08333333333333333,0.07592647734273002
359,59,64,8285.42,1415.48,4.203125,0.046875,0.17083986086402378
360,36,38,8244.12,701.66,4.2368421052631575,0.07894736842105263,0.0851103574426379
361,62,70,8231.09,2414.21,4.057142857142857,0.02857142857142857,0.29330380302001313
362,102,112,8194.0,1484.79,4.405405405405405,0.07142857142857142,0.1812045399072492
363,5,5,8177.0,445.37,4.4,0.4,0.054466185642656234
364,19,19,8167.9,328.12,4.105263157894737,0.15789473684210525,0.04017189240808531
365,16,16,8162.4,324.82,3.2,0.1875,0.039794668234832895
366,46,61,8156.0,1133.37,4.139344262295082,0.04918032786885246,0.13896150073565472
367,19,28,8153.1,889.26,3.88,0.03571428571428571,0.10907016962873017
368,43,47,8152.4800000000005,1279.38,4.617021276595745,0.02127659574468085,0.15693138774949464
369,26,40,8124.4,1067.19,4.225,0.025,0.13135616168578604
370,5,5,8119.95,363.4,4.2,0.0,0.04475397015991477
371,83,88,8089.29,2151.3,2.9642857142857144,0.11363636363636363,0.2659442299633219
372,54,57,8085.0,1309.81,4.280701754385965,0.03508771929824561,0.16200494743351884
373,44,46,8071.9800000000005,1202.82,3.9130434782608696,0.043478260869565216,0.14901176662974883
374,5,5,8070.0,289.02,3.0,0.2,0.03581412639405204
375,174,188,8065.93,3377.0299999999997,3.8031914893617023,0.07446808510638298,0.41867831731740784
376,62,72,8027.63,1990.47,3.5774647887323945,0.05555555555555555,0.24795238445219822
377,14,14,8003.0,280.43,3.857142857142857,0.0,0.03504060977133575
378,107,121,7994.74,2146.25,3.7815126050420167,0.11570247933884298,0.26845776097784296
379,45,60,7991.51,1091.77,3.7666666666666666,0.15,0.13661623397830946
380,84,88,7941.72,1733.3,4.125,0.03409090909090909,0.21825246923840175
381,14,14,7846.0,776.26,4.5,0.0,0.09893703798113689
382,18,18,7840.88,1052.45,4.555555555555555,0.1111111111111111,0.1342260052443093
383,89,93,7838.88,1327.78,4.538461538461538,0.010752688172043012,0.16938389157634764
384,12,12,7838.0,275.03,4.083333333333333,0.08333333333333333,0.035089308497065576
385,85,90,7792.1,1207.52,4.477777777777778,0.03333333333333333,0.15496721037974356
386,19,26,7790.0,673.02,4.230769230769231,0.07692307692307693,0.08639537869062901
387,54,55,7784.5,2060.06,4.363636363636363,0.03636363636363636,0.2646361359111054
388,127,156,7777.0,3083.05,4.27741935483871,0.038461538461538464,0.39643178603574647
389,19,19,7751.95,362.65,4.0,0.15789473684210525,0.04678177748824489
390,63,63,7748.5,1053.34,4.603174603174603,0.06349206349206349,0.13594114989998063
391,67,84,7743.0199999999995,1138.56,3.5,0.10714285714285714,0.14704340167014937
392,224,255,7738.349999999999,3374.27,3.8293650793650795,0.17647058823529413,0.4360451517442349
393,12,12,7729.0,1077.18,4.75,0.0,0.13936861172208567
394,44,44,7726.9,1006.71,4.659090909090909,0.022727272727272728,0.13028640204998124
395,35,40,7703.0,784.84,4.2,0.025,0.10188757626898612
396,46,53,7690.02,896.79,3.981132075471698,0.0,0.11661738200940959
397,61,64,7667.9,887.9,4.390625,0.078125,0.11579441568095568
398,74,97,7644.3,1424.52,4.237113402061856,0.061855670103092786,0.18635061418311683
399,61,74,7639.26,1155.54,4.081081081081081,0.10810810810810811,0.1512633422608996
400,6,6,7630.0,862.65,3.6666666666666665,0.0,0.11306028833551769
401,116,137,7598.88,2446.24,4.262773722627737,0.06569343065693431,0.32192112521845323
402,29,30,7595.87,839.34,3.9,0.13333333333333333,0.11049952145047244
403,26,33,7577.67,792.58,3.9393939393939394,0.06060606060606061,0.10459415625119595
404,95,106,7555.0,1965.11,4.201923076923077,0.0660377358490566,0.26010721376571805
405,55,60,7521.0,1200.44,3.966666666666667,0.03333333333333333,0.15961175375614944
406,137,146,7482.21,2924.19,4.205479452054795,0.00684931506849315,0.39081902272189634
407,13,18,7482.0,806.85,2.7222222222222223,0.0,0.10783881315156375
408,8,8,7473.49,236.37,3.5,0.125,0.03162779370816045
409,87,90,7472.16,1656.31,4.2,0.07777777777777778,0.22166415066058542
410,67,69,7443.3,1099.97,3.925373134328358,0.08695652173913043,0.14777988257896363
411,95,103,7442.55,1503.5,4.029126213592233,0.0970873786407767,0.2020140946315443
412,11,12,7401.94,321.93,4.25,0.0,0.04349265192638687
413,43,51,7400.09,745.08,4.333333333333333,0.0392156862745098,0.10068526193600348
414,8,8,7380.0,405.48,4.25,0.0,0.054943089430894314
415,46,46,7355.8,999.21,4.391304347826087,0.043478260869565216,0.1358397455069469
416,21,21,7288.99,762.35,4.523809523809524,0.0,0.10458925036253308
417,109,129,7272.42,3016.75,4.263565891472868,0.03875968992248062,0.41482065117251204
418,61,67,7268.5,1047.3,4.447761194029851,0.07462686567164178,0.1440875008598748
419,68,74,7268.0,1431.32,4.391891891891892,0.05405405405405406,0.19693450742982938
420,6,6,7265.59,161.06,3.1666666666666665,0.5,0.022167504634861036
421,39,40,7212.2300000000005,913.29,3.7,0.15,0.12663073695653077
422,23,28,7198.8,569.7,4.333333333333333,0.03571428571428571,0.07913818969828305
423,10,10,7196.0,283.63,4.5,0.0,0.03941495275152863
424,108,118,7186.85,1581.41,4.203389830508475,0.0423728813559322,0.2200421603344998
425,67,69,7155.05,857.79,4.811594202898551,0.2028985507246377,0.11988595467536914
426,7,14,7147.0,305.36,2.5714285714285716,0.07142857142857142,0.04272561914089828
427,55,63,7096.71,1399.97,4.0476190476190474,0.0,0.1972702843993907
428,134,145,7094.09,2071.21,4.222222222222222,0.027586206896551724,0.29196274645514786
429,14,15,7058.0,628.3100000000001,3.6666666666666665,0.13333333333333333,0.0890209691130632
430,15,15,7045.99,831.97,4.666666666666667,0.0,0.11807709065723909
431,35,37,7041.759999999999,659.42,3.810810810810811,0.16216216216216217,0.0936442025857172
432,21,21,7029.0,438.39,4.571428571428571,0.0,0.062368758002560816
433,9,9,7017.0,171.62,4.5,0.0,0.024457745475274333
434,3,3,7014.24,925.01,4.333333333333333,0.0,0.13187601222655626
435,12,12,6988.0,346.1,4.333333333333333,0.16666666666666666,0.049527761877504295
436,168,183,6968.53,3256.7799999999997,4.293956043956044,0.02185792349726776,0.4673553819815657
437,42,42,6940.45,892.94,4.075,0.023809523809523808,0.12865736371560924
438,43,49,6917.589999999999,1756.14,3.9375,0.12244897959183673,0.2538658694718826
439,18,31,6911.71,638.0,3.5806451612903225,0.03225806451612903,0.09230711357970749
440,54,61,6911.02,771.09,4.819672131147541,0.11475409836065574,0.11157397894956171
441,44,44,6899.570000000001,2379.69,3.0681818181818183,0.2727272727272727,0.3449041027194448
442,3,3,6897.9,216.79,2.6666666666666665,0.0,0.031428405746676526
443,114,132,6851.33,1821.71,4.090909090909091,0.06060606060606061,0.2658914400561643
444,7,13,6850.0,475.34999999999997,4.846153846153846,0.15384615384615385,0.0693941605839416
445,44,45,6833.0,1070.69,4.155555555555556,0.022222222222222223,0.15669398507244256
446,106,114,6830.58,2284.83,3.892857142857143,0.07017543859649122,0.33450014493644753
447,27,30,6813.4800000000005,618.94,4.033333333333333,0.03333333333333333,0.09084051028255752
448,98,104,6792.4,1868.66,4.115384615384615,0.09615384615384616,0.27511041752546966
449,5,5,6787.5,380.91,4.4,0.0,0.05611933701657459
450,30,31,6785.5599999999995,537.69,3.903225806451613,0.0,0.07924032799061538
451,37,39,6781.0,881.25,3.6923076923076925,0.05128205128205128,0.12995870815513935
452,7,7,6772.0,264.19,4.428571428571429,0.14285714285714285,0.039012108682811575
453,46,49,6771.0,895.95,4.061224489795919,0.14285714285714285,0.1323216659282233
454,98,138,6755.91,2709.61,3.9389312977099236,0.08695652173913043,0.401072542411015
455,5,5,6750.0,829.55,3.2,0.0,0.1228962962962963
456,32,42,6731.15,750.4,4.333333333333333,0.09523809523809523,0.11148169332134925
457,8,8,6729.5,457.39,4.5,0.0,0.06796790251876068
458,1,1,6729.0,193.21,,1.0,0.028713033140139694
459,2,2,6720.0,117.24000000000001,3.5,0.0,0.01744642857142857
460,11,11,6719.85,850.82,4.0,0.09090909090909091,0.1266129452294322
461,28,29,6698.7,778.63,4.344827586206897,0.10344827586206896,0.11623598608685268
462,47,55,6693.6900000000005,986.37,4.745454545454545,0.01818181818181818,0.14735818360276617
463,55,60,6674.0,1201.71,3.983050847457627,0.0,0.18005843572070723
464,18,20,6657.87,368.01,4.277777777777778,0.05,0.055274434616476444
465,144,165,6656.09,2519.98,4.024242424242424,0.024242424242424242,0.37859764516405275
466,54,71,6648.93,1054.81,3.6231884057971016,0.014084507042253521,0.15864357122123407
467,76,84,6643.09,1466.23,4.5476190476190474,0.047619047619047616,0.22071505880546552
468,22,22,6630.09,582.5600000000001,4.409090909090909,0.045454545454545456,0.08786607723273743
469,94,95,6610.79,2192.18,4.052631578947368,0.08421052631578947,0.3316063586954055
470,87,130,6595.23,2687.19,3.598360655737705,0.023076923076923078,0.407444471231481
471,341,365,6548.63,4944.04,3.930939226519337,0.07397260273972603,0.7549731775959246
472,35,40,6528.7,1444.51,4.35,0.125,0.2212553800909829
473,99,110,6505.08,1881.88,4.3,0.045454545454545456,0.2892939056860177
474,1,1,6499.0,227.66,5.0,0.0,0.03503000461609478
475,48,48,6458.6,843.73,4.1063829787234045,0.020833333333333332,0.1306366704858638
476,78,78,6455.4,1774.49,4.0,0.11538461538461539,0.27488459274405924
477,44,53,6438.700000000001,904.16,3.730769230769231,0.07547169811320754,0.14042586236352056
478,132,180,6429.01,2363.03,3.7752808988764044,0.05555555555555555,0.3675573688639464
479,41,50,6409.68,1035.41,4.26,0.04,0.1615384855406198
480,57,58,6406.23,1287.4,4.672413793103448,0.034482758620689655,0.20096062738927578
481,16,16,6384.0,1790.8,4.375,0.0625,0.2805137844611529
482,23,38,6381.78,734.18,4.081081081081081,0.02631578947368421,0.11504313843473138
483,44,44,6378.0,829.63,4.558139534883721,0.09090909090909091,0.13007682659140796
484,62,65,6350.06,1207.98,4.446153846153846,0.0,0.19023127340529064
485,78,87,6341.6,1694.03,4.310344827586207,0.04597701149425287,0.2671297464362306
486,20,20,6301.91,369.29,3.7,0.05,0.05859969437837101
487,93,95,6271.9800000000005,1696.69,4.382978723404255,0.05263157894736842,0.27051903864489363
488,36,42,6271.9,984.64,4.463414634146342,0.0,0.15699229898435882
489,79,89,6260.1,1547.3,4.022471910112359,0.033707865168539325,0.2471685755818597
490,10,10,6252.0,622.14,4.7,0.0,0.09951055662188099
491,32,34,6250.18,930.1,3.5588235294117645,0.029411764705882353,0.1488117142226304
492,5,5,6245.0,263.7,2.4,0.0,0.042225780624499595
493,29,29,6241.0,651.73,3.8275862068965516,0.10344827586206896,0.10442717513219035
494,9,11,6230.0,581.42,4.636363636363637,0.09090909090909091,0.0933258426966292
495,24,24,6202.91,1346.6399999999999,2.7916666666666665,0.25,0.21709810395443427
496,16,21,6180.8,1039.01,3.5238095238095237,0.0,0.1681028345845198
497,32,33,6129.67,543.73,4.333333333333333,0.0,0.08870461215693504
498,33,34,6124.63,721.35,4.117647058823529,0.058823529411764705,0.11777854335690482
499,85,86,6110.58,1343.01,4.423529411764706,0.1511627906976744,0.219784373987412
500,126,174,6109.44,2493.61,3.9239766081871346,0.16666666666666666,0.4081568850827572
501,6,6,6080.0,324.34,4.833333333333333,0.16666666666666666,0.0533453947368421
502,127,135,6018.97,2177.99,4.12962962962963,0.08888888888888889,0.3618542707473205
503,36,41,6001.59,758.85,3.8048780487804876,0.0,0.12644149300435384
504,228,240,5986.6,3431.1,4.084033613445378,0.1,0.5731299903116961
505,83,101,5966.54,1934.91,3.7755102040816326,0.0891089108910891,0.32429347662129143
506,90,99,5949.9400000000005,2001.82,3.6666666666666665,0.10101010101010101,0.33644372884432444
507,63,73,5932.599999999999,1235.56,4.267605633802817,0.0273972602739726,0.20826619020328357
508,83,111,5898.6,2225.35,3.764705882352941,0.10810810810810811,0.3772674872003526
509,47,53,5868.51,1490.94,3.990566037735849,0.03773584905660377,0.25405767392404544
510,83,91,5802.85,1747.82,3.4615384615384617,0.10989010989010989,0.3012002722800003
511,14,16,5794.0,605.95,2.6875,0.375,0.10458232654470143
512,31,31,5788.52,1297.6100000000001,4.193548387096774,0.0967741935483871,0.2241695632044115
513,39,62,5774.6,1097.74,3.711864406779661,0.1935483870967742,0.19009801544695734
514,62,66,5759.66,1679.27,4.0,0.06060606060606061,0.291557140525656
515,30,32,5751.6,1551.3899999999999,4.064516129032258,0.125,0.26973190068850406
516,33,38,5724.04,1011.91,3.7567567567567566,0.07894736842105263,0.17678248230270927
517,124,130,5716.78,2195.93,4.492307692307692,0.038461538461538464,0.38412008158438843
518,92,98,5703.0,1787.57,4.244897959183674,0.0,0.31344380150797824
519,30,35,5674.57,868.15,3.9411764705882355,0.0,0.15298956572920944
520,38,41,5662.57,2654.72,3.8048780487804876,0.12195121951219512,0.46881892850772705
521,6,7,5657.3,726.59,3.2857142857142856,0.0,0.128434058649886
522,108,118,5642.6,2112.07,4.327586206896552,0.01694915254237288,0.3743079431467763
523,16,22,5610.0,1419.68,4.0,0.09090909090909091,0.25306238859180036
524,2,2,5598.0,168.58999999999997,4.0,0.0,0.030116112897463375
525,38,41,5589.13,972.96,3.8292682926829267,0.04878048780487805,0.17408076033300354
526,29,45,5580.5,722.58,4.073170731707317,0.022222222222222223,0.1294830212346564
527,36,37,5529.7,1103.05,4.486486486486487,0.10810810810810811,0.19947736766913213
528,11,17,5518.0,821.51,3.5294117647058822,0.11764705882352941,0.14887821674519752
529,23,28,5480.25,493.53,4.392857142857143,0.0,0.09005611057889694
530,27,30,5477.8,582.79,4.666666666666667,0.03333333333333333,0.10639125196246667
531,33,33,5421.9,1199.6399999999999,4.15625,0.030303030303030304,0.22125823050959995
532,27,34,5410.05,753.37,4.117647058823529,0.058823529411764705,0.13925379617563607
533,9,10,5399.0,255.79999999999998,3.9,0.0,0.047379144285978884
534,4,4,5396.0,364.96,4.333333333333333,0.0,0.06763528539659007
535,41,46,5382.18,834.38,4.304347826086956,0.15217391304347827,0.15502640194122083
536,83,99,5370.95,1855.7,3.9292929292929295,0.08080808080808081,0.3455068470196148
537,62,80,5369.6,1565.6,4.525,0.05,0.29156734207389745
538,40,42,5363.01,913.64,4.357142857142857,0.047619047619047616,0.17035955554809704
539,51,82,5355.0,2041.73,3.3536585365853657,0.21951219512195122,0.3812754435107376
540,62,71,5340.39,1035.08,3.8333333333333335,0.15492957746478872,0.19382105052252735
541,39,41,5324.15,817.16,3.8536585365853657,0.0975609756097561,0.15348177643379696
542,9,9,5279.91,714.01,4.0,0.1111111111111111,0.13523147174857147
543,29,31,5279.49,621.92,4.016129032258065,0.06451612903225806,0.11779925712521475
544,21,24,5264.19,478.21,4.541666666666667,0.0,0.09084208586696149
545,10,10,5239.98,242.0,4.4,0.0,0.04618338237932206
546,21,23,5239.7,454.5,4.695652173913044,0.0,0.08674160734393191
547,8,8,5235.200000000001,230.29,4.5,0.0,0.04398876833740831
548,17,20,5193.83,715.3199999999999,2.95,0.15,0.13772495441706795
549,44,49,5193.1,1062.67,3.75,0.04081632653061224,0.20463114517340317
550,31,32,5188.68,841.49,4.4375,0.0,0.1621780491377383
551,45,54,5183.92,893.42,4.296296296296297,0.018518518518518517,0.17234448062470098
552,34,36,5173.5,665.64,3.5142857142857142,0.08333333333333333,0.1286633806900551
553,18,18,5160.0,527.34,4.111111111111111,0.2777777777777778,0.10219767441860465
554,60,80,5151.9,1226.96,4.525,0.025,0.23815679652167163
555,65,73,5145.7,979.22,4.71830985915493,0.0410958904109589,0.19029869599860078
556,46,46,5130.400000000001,1125.45,4.2,0.043478260869565216,0.21936886012786527
557,44,50,5130.0,964.03,3.3,0.3,0.18792007797270954
558,32,32,5129.0,507.88,4.28125,0.03125,0.09902125170598557
559,91,102,5093.79,1232.91,4.267326732673268,0.11764705882352941,0.24204178028540638
560,26,27,5087.57,844.9399999999999,4.592592592592593,0.07407407407407407,0.1660792873611567
561,86,97,5069.92,1214.91,4.0,0.030927835051546393,0.23963100009467606
562,27,29,5065.299999999999,529.61,3.4482758620689653,0.1724137931034483,0.10455649221171502
563,54,61,5042.55,1005.36,4.131147540983607,0.08196721311475409,0.19937531606032663
564,55,101,5039.9,1709.57,3.9504950495049505,0.1188118811881188,0.33920712712553824
565,36,38,5002.900000000001,896.15,3.888888888888889,0.07894736842105263,0.17912610685802233
566,81,85,5002.71,1146.56,4.583333333333333,0.07058823529411765,0.22918778022311906
567,29,30,4995.56,505.45,4.166666666666667,0.03333333333333333,0.10117984770476182
568,14,14,4955.42,433.74,3.857142857142857,0.14285714285714285,0.08752840324331741
569,85,99,4928.9,1543.87,4.454545454545454,0.06060606060606061,0.3132281036336708
570,130,149,4922.4800000000005,1993.58,3.9054054054054053,0.10067114093959731,0.40499504314898177
571,11,11,4917.0,259.3,4.0,0.09090909090909091,0.05273540776896482
572,22,22,4906.99,414.90999999999997,4.409090909090909,0.09090909090909091,0.08455489006498892
573,8,9,4905.6900000000005,191.38,4.0,0.0,0.03901184135157337
574,41,47,4886.46,1199.24,4.404255319148936,0.02127659574468085,0.2454210205342927
575,45,52,4880.22,1320.4,4.25,0.038461538461538464,0.2705615730438382
576,44,49,4864.24,869.0,4.183673469387755,0.04081632653061224,0.17865072447083205
577,51,58,4845.2,1624.5,4.211538461538462,0.1896551724137931,0.3352802773879303
578,59,61,4838.2300000000005,903.93,4.049180327868853,0.06557377049180328,0.18683072115215685
579,74,85,4837.31,1517.98,3.9411764705882355,0.09411764705882353,0.31380664046753254
580,43,45,4829.24,1158.04,4.204545454545454,0.022222222222222223,0.2397975664907936
581,48,48,4819.76,570.0,4.291666666666667,0.125,0.11826315003236675
582,19,19,4818.0,471.05,4.473684210526316,0.10526315789473684,0.09776878372768784
583,8,8,4813.25,180.15,4.375,0.125,0.03742793330909469
584,17,17,4808.78,444.06,3.8823529411764706,0.058823529411764705,0.09234358818660866
585,3,3,4799.87,74.49000000000001,3.6666666666666665,0.3333333333333333,0.015519170310862588
586,52,54,4795.91,833.71,4.092592592592593,0.07407407407407407,0.17383770754663871
587,16,27,4783.99,881.75,3.259259259259259,0.07407407407407407,0.18431267623887174
588,77,86,4777.1,1767.11,4.011627906976744,0.03488372093023256,0.3699127085470264
589,92,94,4754.99,1438.71,4.127659574468085,0.11702127659574468,0.3025684596602727
590,103,131,4752.51,2239.71,3.3153846153846156,0.1450381679389313,0.47126886634641485
591,44,44,4748.1,1175.56,4.4772727272727275,0.0,0.24758534992944542
592,38,39,4733.1,1287.01,4.0256410256410255,0.10256410256410256,0.27191692548224206
593,71,87,4731.3,1084.06,4.252873563218391,0.034482758620689655,0.22912518758058037
594,7,7,4728.8,274.77,3.142857142857143,0.0,0.05810565048215192
595,62,72,4727.2,1499.41,3.763888888888889,0.1527777777777778,0.3171877644271451
596,42,46,4705.29,913.11,4.159090909090909,0.06521739130434782,0.19406030234055713
597,59,71,4702.96,980.97,4.112676056338028,0.014084507042253521,0.20858565669280624
598,2,2,4700.0,174.32,1.0,0.5,0.037089361702127656
599,14,14,4688.9,540.72,3.0,0.0,0.11531915801147392
600,160,173,4679.7,2499.2,4.164739884393064,0.057803468208092484,0.5340513280765861
601,12,12,4677.29,203.55,3.5,0.0,0.04351878972652968
602,29,32,4668.3,424.59,3.774193548387097,0.15625,0.09095173832015936
603,20,30,4661.0,1040.45,3.566666666666667,0.13333333333333333,0.22322462990774514
604,43,44,4642.59,914.65,3.659090909090909,0.25,0.19701287427922776
605,34,37,4607.81,804.35,4.594594594594595,0.02702702702702703,0.17456231919284865
606,29,30,4583.0,449.71,4.233333333333333,0.1,0.0981256818677722
607,12,12,4552.0,325.64,5.0,0.0,0.07153778558875219
608,45,48,4541.16,892.45,4.51063829787234,0.020833333333333332,0.1965246765143708
609,43,47,4538.29,958.02,3.723404255319149,0.1702127659574468,0.21109713129835245
610,20,25,4537.6,581.15,4.28,0.04,0.12807431241184766
611,7,8,4536.99,479.44,4.0,0.125,0.10567358535063996
612,9,10,4528.0,191.44,4.0,0.3,0.0422791519434629
613,9,14,4522.28,359.65,3.9285714285714284,0.0,0.07952846794095014
614,5,10,4513.0,209.97,4.7,0.1,0.04652559273210725
615,22,22,4506.28,306.2,3.9545454545454546,0.045454545454545456,0.06794961697897157
616,85,95,4501.99,1305.04,4.336842105263158,0.14736842105263157,0.2898806972027925
617,114,119,4497.7,1885.58,4.369747899159663,0.0,0.419232051937657
618,21,28,4480.6,1309.88,3.9285714285714284,0.0,0.2923447752533143
619,89,96,4476.9,1389.13,4.541666666666667,0.0625,0.31028836918403363
620,17,18,4465.99,513.5,3.823529411764706,0.1111111111111111,0.11498010519504075
621,8,8,4465.34,168.12,4.0,0.0,0.03764998857869725
622,69,85,4462.22,1338.2,3.0357142857142856,0.2235294117647059,0.29989556767707554
623,33,35,4455.34,967.98,4.205882352941177,0.02857142857142857,0.21726288004955852
624,34,39,4449.0,632.31,4.128205128205129,0.0,0.142124072825354
625,18,19,4430.84,346.71000000000004,3.0526315789473686,0.05263157894736842,0.0782492710185879
626,28,29,4423.06,1076.74,3.9310344827586206,0.034482758620689655,0.24343780097941242
627,48,55,4421.01,1026.8,4.2407407407407405,0.01818181818181818,0.23225462055050766
628,5,5,4398.5,135.37,4.2,0.0,0.030776401045811072
629,64,68,4373.98,937.54,3.9411764705882355,0.23529411764705882,0.21434483010896255
630,25,26,4353.9,665.7,4.115384615384615,0.15384615384615385,0.1528974023289465
631,22,56,4349.5,846.34,3.4107142857142856,0.0,0.1945832854351075
632,24,26,4348.400000000001,1229.34,4.384615384615385,0.038461538461538464,0.28271088216355433
633,9,9,4346.4,311.98999999999995,3.7777777777777777,0.1111111111111111,0.07178124424811337
634,35,40,4319.7,981.44,4.225,0.05,0.22720096302984005
635,70,80,4293.0,2167.7599999999998,3.6582278481012658,0.1375,0.5049522478453295
636,11,18,4278.75,512.63,3.111111111111111,0.0,0.11980835524393807
637,5,8,4274.2,192.11,4.428571428571429,0.125,0.0449464227223808
638,33,38,4269.18,1304.17,4.473684210526316,0.02631578947368421,0.30548489405459595
639,18,18,4251.0,273.27,4.444444444444445,0.05555555555555555,0.06428369795342272
640,41,41,4249.59,557.63,4.560975609756097,0.07317073170731707,0.1312197176668808
641,3,3,4248.98,100.06,3.6666666666666665,0.0,0.02354918121525637
642,31,32,4248.91,814.85,4.133333333333334,0.21875,0.1917785973343752
643,37,43,4236.34,683.43,3.880952380952381,0.16279069767441862,0.16132557821138055
644,91,195,4235.85,2439.52,3.8756476683937824,0.046153846153846156,0.5759221879906039
645,49,53,4232.54,1684.44,4.056603773584905,0.1509433962264151,0.39797379351406015
646,56,62,4222.03,842.2900000000001,4.354838709677419,0.06451612903225806,0.19949881928835184
647,36,43,4198.9,757.02,3.86046511627907,0.09302325581395349,0.18029007597227847
648,82,95,4190.72,1857.3999999999999,4.336842105263158,0.021052631578947368,0.4432173946243127
649,92,98,4177.28,1277.07,3.704081632653061,0.15306122448979592,0.3057180749195649
650,75,83,4168.18,1554.3600000000001,3.5304878048780486,0.2289156626506024,0.3729109587397857
651,7,10,4164.4,915.5,4.9,0.0,0.21983959273844975
652,45,46,4162.74,884.47,4.533333333333333,0.021739130434782608,0.21247303458779557
653,24,24,4160.79,588.19,3.4583333333333335,0.375,0.1413649811694414
654,31,32,4158.55,598.61,4.5,0.09375,0.14394680838272955
655,35,72,4150.87,977.19,4.014705882352941,0.06944444444444445,0.235418117165799
656,90,106,4140.17,1575.0,3.638095238095238,0.16981132075471697,0.3804191615320144
657,23,24,4127.33,444.47,3.869565217391304,0.125,0.10768947479363172
658,104,132,4118.86,1315.21,4.3538461538461535,0.09848484848484848,0.31931408205182993
659,26,29,4097.1,457.36,3.896551724137931,0.034482758620689655,0.11163017744258133
660,2,3,4097.0,100.62,4.333333333333333,0.0,0.024559433731999026
661,46,49,4096.96,869.66,4.26530612244898,0.10204081632653061,0.2122695852534562
662,64,71,4092.29,1400.8,4.117647058823529,0.08450704225352113,0.34230223175776886
663,36,36,4088.0,1100.33,3.7222222222222223,0.08333333333333333,0.26916095890410957
664,55,57,4084.75,1076.07,3.6140350877192984,0.15789473684210525,0.26343595079258214
665,25,31,4078.29,569.49,4.290322580645161,0.03225806451612903,0.13963940769293012
666,36,36,4062.4,818.98,4.314285714285714,0.16666666666666666,0.20160003938558488
667,34,35,4061.4,520.11,3.823529411764706,0.11428571428571428,0.12806175210518542
668,9,9,4047.25,167.04,4.555555555555555,0.2222222222222222,0.04127246896040521
669,10,10,4044.1,203.88,3.9,0.0,0.05041418362552855
670,62,64,4043.3,1272.58,4.46875,0.078125,0.3147379615660475
671,141,160,4033.6400000000003,1824.66,3.70625,0.08125,0.4523606469590742
672,7,7,4025.0,133.58,4.285714285714286,0.0,0.03318757763975155
673,39,41,4002.3,847.08,4.487804878048781,0.07317073170731707,0.21164830222621991
674,12,12,4002.0,886.68,3.3333333333333335,0.3333333333333333,0.22155922038980508
675,12,13,3990.91,563.97,4.384615384615385,0.07692307692307693,0.141313635236074
676,30,33,3987.6,910.23,4.242424242424242,0.030303030303030304,0.22826512187782125
677,2,2,3973.9,210.87,4.5,0.0,0.053063740909434054
678,50,68,3964.4,2919.55,3.985074626865672,0.10294117647058823,0.7364418323075371
679,35,43,3956.5,691.65,4.4186046511627906,0.023255813953488372,0.17481359787691142
680,43,43,3955.7,671.5,4.209302325581396,0.023255813953488372,0.16975503703516445
681,46,52,3955.0,766.18,3.5384615384615383,0.0,0.19372439949431097
682,78,99,3944.18,1248.64,4.090909090909091,0.010101010101010102,0.3165778438103738
683,76,102,3925.87,1682.67,3.784313725490196,0.17647058823529413,0.42861072832263936
684,35,35,3922.0,999.27,4.485714285714286,0.02857142857142857,0.2547858235594085
685,33,36,3919.87,1213.4,4.085714285714285,0.05555555555555555,0.30955108205119053
686,20,20,3919.8,552.12,3.8,0.3,0.14085412521046992
687,79,84,3908.94,1590.62,3.9642857142857144,0.09523809523809523,0.40691849964440485
688,23,25,3907.5,459.16,4.695652173913044,0.0,0.11750735764555342
689,29,42,3905.05,635.85,4.214285714285714,0.11904761904761904,0.16282762064506215
690,31,31,3900.09,570.97,4.1,0.03225806451612903,0.1463991856598181
691,29,29,3897.52,671.19,4.068965517241379,0.06896551724137931,0.17220950758431003
692,35,35,3894.05,745.37,4.0588235294117645,0.08571428571428572,0.19141253964381555
693,37,38,3887.0,554.0,4.342105263157895,0.13157894736842105,0.14252636995111911
694,30,30,3883.05,580.83,4.833333333333333,0.03333333333333333,0.14958087070730483
695,26,26,3871.1200000000003,426.91,4.1923076923076925,0.07692307692307693,0.11028074562400546
696,22,22,3845.7,518.77,4.809523809523809,0.0,0.13489611774189356
697,176,187,3843.93,2587.61,3.9297297297297296,0.10695187165775401,0.6731678256367832
698,19,19,3831.9,731.0699999999999,4.473684210526316,0.0,0.19078525013700773
699,23,23,3829.77,926.11,4.217391304347826,0.13043478260869565,0.24181869929525796
700,40,40,3829.73,896.84,4.325,0.15,0.23417838855480674
701,74,84,3827.63,1490.6,4.156626506024097,0.08333333333333333,0.38943158037741366
702,68,86,3795.91,1336.28,4.232558139534884,0.09302325581395349,0.3520315286716492
703,24,28,3793.0,517.21,4.25,0.07142857142857142,0.13635908252043238
704,6,6,3779.94,378.49,4.0,0.16666666666666666,0.10013121901405843
705,12,12,3761.94,369.33,4.166666666666667,0.08333333333333333,0.09817540949616421
706,25,28,3757.0,608.78,3.7857142857142856,0.10714285714285714,0.16203886079318605
707,16,16,3749.0,481.48,4.125,0.125,0.12842891437716725
708,3,3,3747.0,126.57,3.6666666666666665,0.3333333333333333,0.03377902321857486
709,32,36,3746.4,606.12,3.742857142857143,0.027777777777777776,0.16178731582319025
710,11,11,3739.87,185.59,3.909090909090909,0.2727272727272727,0.04962471957581414
711,50,57,3739.16,938.28,2.9642857142857144,0.22807017543859648,0.2509333647129302
712,89,98,3737.95,1445.1499999999999,4.5,0.061224489795918366,0.38661565831538675
713,18,18,3736.99,355.21999999999997,4.777777777777778,0.0,0.09505511119912015
714,77,83,3733.68,1092.77,4.216867469879518,0.060240963855421686,0.29267907265753895
715,37,42,3721.39,727.87,3.4285714285714284,0.023809523809523808,0.19559089480006128
716,23,24,3718.51,585.77,3.9583333333333335,0.125,0.1575281497158808
717,69,108,3714.83,1821.12,3.9245283018867925,0.009259259259259259,0.49022970095536
718,12,12,3709.0,188.31,4.0,0.16666666666666666,0.05077109733081693
719,45,67,3708.7599999999998,1317.5,3.4696969696969697,0.22388059701492538,0.3552400263160733
720,19,19,3706.1,586.61,4.052631578947368,0.2631578947368421,0.15828229135749172
721,79,84,3702.29,1124.57,3.8493975903614457,0.13095238095238096,0.3037498413144297
722,63,73,3698.9,1063.97,4.376712328767123,0.0273972602739726,0.2876449755332666
723,28,28,3697.2000000000003,397.47999999999996,4.357142857142857,0.10714285714285714,0.10750838472357457
724,42,42,3696.0,778.27,4.0476190476190474,0.07142857142857142,0.21057088744588745
725,28,30,3694.5099999999998,723.59,3.9310344827586206,0.03333333333333333,0.19585547203824055
726,27,29,3677.2,555.45,4.448275862068965,0.034482758620689655,0.1510524311976504
727,19,20,3669.64,397.08,4.95,0.0,0.10820679957707023
728,32,32,3668.53,696.46,3.967741935483871,0.09375,0.18984715948895062
729,24,26,3662.0,610.65,3.96,0.0,0.16675314036045877
730,28,29,3661.1800000000003,606.15,3.7241379310344827,0.06896551724137931,0.16556137638684792
731,34,35,3661.03,490.09000000000003,4.228571428571429,0.0,0.13386669871593512
732,29,45,3660.08,676.18,3.888888888888889,0.1111111111111111,0.18474459574654106
733,48,56,3657.64,814.15,3.767857142857143,0.16071428571428573,0.22258888244879213
734,22,23,3656.8,326.47,3.869565217391304,0.08695652173913043,0.08927751039159922
735,31,32,3654.6,524.22,3.9375,0.03125,0.1434411426695124
736,35,36,3654.25,1175.46,4.416666666666667,0.0,0.32166928918382703
737,16,21,3654.0,1011.98,3.65,0.047619047619047616,0.27695128626163107
738,17,18,3653.0,763.52,4.5,0.16666666666666666,0.20901177114700245
739,45,47,3648.08,948.26,4.326086956521739,0.1276595744680851,0.25993399267559925
740,25,26,3636.0,706.81,4.48,0.07692307692307693,0.19439218921892187
741,58,75,3635.37,1038.34,4.306666666666667,0.13333333333333333,0.28562154608746837
742,38,40,3610.7000000000003,755.06,3.9,0.025,0.20911734566704515
743,14,15,3588.0499999999997,594.48,4.333333333333333,0.0,0.16568330987583788
744,6,6,3579.94,273.91,3.8333333333333335,0.0,0.07651245551601424
745,15,15,3578.0,427.32,4.666666666666667,0.0,0.11942984907769703
746,43,48,3571.73,818.82,4.1022727272727275,0.020833333333333332,0.2292502512787921
747,4,4,3563.0,199.07999999999998,4.25,0.0,0.05587426326129666
748,14,17,3554.32,265.22,3.5294117647058822,0.11764705882352941,0.07461905512165477
749,1,1,3549.0,53.47,5.0,0.0,0.015066215835446605
750,35,38,3537.2,621.45,3.6842105263157894,0.2631578947368421,0.17568981115006221
751,33,47,3522.0,798.64,3.8085106382978724,0.06382978723404255,0.22675752413401476
752,6,6,3514.0,112.5,4.166666666666667,0.0,0.03201479795105293
753,28,63,3478.93,741.49,3.111111111111111,0.031746031746031744,0.21313737269792724
754,3,3,3477.7000000000003,138.81,1.0,0.3333333333333333,0.03991431118267821
755,2,8,3472.0,387.56,2.5,0.0,0.11162442396313364
756,4,4,3470.0,216.68,4.0,0.0,0.062443804034582134
757,14,15,3464.9,241.60000000000002,4.133333333333334,0.2,0.06972784207336431
758,22,23,3446.9,602.46,4.608695652173913,0.043478260869565216,0.17478313847225044
759,49,57,3445.7,775.51,4.280701754385965,0.07017543859649122,0.22506602432016717
760,56,61,3426.39,987.22,4.081967213114754,0.01639344262295082,0.28812248459749185
761,3,12,3419.88,191.56,4.666666666666667,0.0,0.05601366129805724
762,11,11,3415.7,420.0,4.363636363636363,0.09090909090909091,0.12296161840911088
763,21,22,3409.78,500.16,4.545454545454546,0.09090909090909091,0.14668395028418255
764,91,104,3408.39,1595.57,4.259803921568627,0.08653846153846154,0.46813011421814993
765,32,39,3393.16,1003.5899999999999,3.5,0.1282051282051282,0.2957685461339872
766,12,13,3385.0299999999997,673.0799999999999,4.538461538461538,0.0,0.19884018753157284
767,28,29,3381.73,479.8,4.655172413793103,0.0,0.1418800436462994
768,44,45,3353.48,798.04,3.6444444444444444,0.13333333333333333,0.23797368703555707
769,137,146,3331.31,2090.33,4.124137931034483,0.0410958904109589,0.6274798802873344
770,32,43,3324.9,1015.96,4.1395348837209305,0.023255813953488372,0.3055610695058498
771,45,47,3322.08,737.65,4.361702127659575,0.0425531914893617,0.22204462264605307
772,5,8,3312.16,989.61,1.3333333333333333,0.5,0.2987808559972948
773,16,16,3286.6899999999996,722.65,4.75,0.125,0.21987166419711018
774,18,19,3281.66,476.12,4.315789473684211,0.10526315789473684,0.14508510936538216
775,12,14,3280.0,268.95,3.7857142857142856,0.0,0.0819969512195122
776,66,68,3270.13,929.65,4.426470588235294,0.1323529411764706,0.2842853342221869
777,14,14,3266.6,444.03999999999996,4.785714285714286,0.0,0.13593338639564073
778,4,4,3263.8,284.3,4.5,0.25,0.08710705312825541
779,37,38,3248.8,887.61,4.578947368421052,0.02631578947368421,0.2732116473774932
780,24,25,3231.0,560.81,3.88,0.04,0.173571649644073
781,9,9,3221.5,406.67,3.888888888888889,0.0,0.12623622536085674
782,16,17,3220.7599999999998,382.82,4.0588235294117645,0.11764705882352941,0.11886014481054162
783,52,67,3217.46,1609.05,3.208955223880597,0.04477611940298507,0.5000994573359109
784,63,67,3195.52,1120.99,3.8358208955223883,0.07462686567164178,0.3508004956939716
785,11,11,3190.1,329.34999999999997,4.181818181818182,0.09090909090909091,0.10324127770289332
786,61,63,3187.7,923.49,4.444444444444445,0.031746031746031744,0.2897041754242871
787,25,25,3187.1000000000004,645.63,4.48,0.0,0.20257600953845187
788,24,25,3181.3,454.85,3.88,0.12,0.14297614182881213
789,32,35,3159.0,514.17,4.114285714285714,0.08571428571428572,0.16276353276353275
790,45,61,3157.2,1270.83,4.016393442622951,0.04918032786885246,0.4025180539718738
791,30,36,3149.04,651.75,3.9722222222222223,0.027777777777777776,0.20696783781723954
792,17,17,3148.0,588.53,4.352941176470588,0.0,0.1869536213468869
793,9,30,3147.16,666.02,4.7,0.0,0.21162571969648827
794,5,5,3140.2799999999997,81.25,4.8,0.0,0.025873488988243088
795,40,41,3139.0,825.33,4.2682926829268295,0.0,0.2629276839757885
796,29,30,3126.0,1419.52,3.9655172413793105,0.13333333333333333,0.4541010876519514
797,20,21,3118.4,586.23,4.0,0.047619047619047616,0.18799063622370446
798,59,61,3114.9,1046.96,4.016666666666667,0.06557377049180328,0.3361135188930624
799,7,9,3104.2000000000003,246.08999999999997,2.5555555555555554,0.3333333333333333,0.07927646414535144
800,4,6,3098.99,1096.47,2.5,0.6666666666666666,0.3538152752993718
801,26,26,3072.3,429.39,4.0,0.07692307692307693,0.1397617420173811
802,22,22,3069.78,345.42,4.181818181818182,0.0,0.1125227214979575
803,48,50,3057.92,799.25,3.5510204081632653,0.0,0.2613704740477187
804,2,3,3057.7000000000003,104.45,4.333333333333333,0.0,0.03415966249141511
805,9,12,3050.0,181.86,4.166666666666667,0.0,0.059626229508196724
806,26,28,3047.2000000000003,582.83,4.071428571428571,0.07142857142857142,0.19126739301653978
807,31,32,3046.8,614.88,4.5,0.0,0.20181173690429302
808,71,78,3039.2999999999997,1208.02,4.256410256410256,0.07692307692307693,0.39746652189648934
809,44,54,3026.0,938.73,4.444444444444445,0.0,0.31022141440846
810,12,12,3021.66,534.89,4.0,0.16666666666666666,0.17701859242932694
811,4,4,3020.0,196.31,4.5,0.0,0.06500331125827814
812,22,22,3013.78,406.67,3.772727272727273,0.09090909090909091,0.13493685670486896
813,110,117,3009.79,1547.71,3.8956521739130436,0.06837606837606838,0.5142252449506444
814,13,14,3002.7,375.61,3.9285714285714284,0.0,0.1250907516568422
815,44,52,2997.25,888.65,4.019230769230769,0.07692307692307693,0.2964884477437651
816,17,21,2992.1,417.28,2.3333333333333335,0.19047619047619047,0.13946057952608534
817,67,82,2990.98,1663.37,4.146341463414634,0.04878048780487805,0.556128760473156
818,61,73,2989.2999999999997,874.21,4.082191780821918,0.0410958904109589,0.2924463921319373
819,33,33,2982.67,577.01,4.0606060606060606,0.030303030303030304,0.19345418702035425
820,22,22,2981.5,452.39,3.8636363636363638,0.13636363636363635,0.1517323494885125
821,4,11,2969.7,482.93,3.1818181818181817,0.45454545454545453,0.16261911977640842
822,46,57,2968.87,969.67,4.175438596491228,0.14035087719298245,0.32661248219019356
823,20,22,2958.9,311.92,4.636363636363637,0.09090909090909091,0.10541755382067661
824,1,1,2951.0,58.53,4.0,0.0,0.019833954591663844
825,2,2,2948.0,75.31,5.0,0.0,0.025546132971506107
826,10,10,2943.51,239.92,3.9,0.0,0.08150813144850874
827,17,17,2943.0,304.09,4.764705882352941,0.0,0.10332653754672103
828,16,19,2934.7200000000003,754.49,2.5555555555555554,0.10526315789473684,0.25709096608875803
829,7,7,2934.0,248.52,3.5714285714285716,0.0,0.08470347648261758
830,10,10,2930.0,258.24,4.9,0.0,0.08813651877133107
831,5,5,2916.6,102.26,4.8,0.0,0.03506137283137901
832,51,52,2904.7999999999997,742.62,4.0,0.15384615384615385,0.2556527127513082
833,7,11,2903.7,174.45,3.272727272727273,0.0,0.060078520508316975
834,40,54,2903.6,653.61,4.351851851851852,0.037037037037037035,0.22510332001653122
835,9,9,2902.2999999999997,165.10999999999999,3.888888888888889,0.3333333333333333,0.05688936360817283
836,19,21,2885.9,428.35,3.9047619047619047,0.0,0.14842856647839495
837,28,36,2881.27,585.16,4.628571428571429,0.027777777777777776,0.20309099806682468
838,50,52,2879.76,845.95,4.173076923076923,0.057692307692307696,0.2937571186487763
839,14,16,2877.7,257.53000000000003,4.25,0.0625,0.08949160788129411
840,33,35,2873.34,607.38,3.6857142857142855,0.05714285714285714,0.21138466036041678
841,20,20,2867.1,296.21,1.263157894736842,0.05,0.10331345261762756
842,24,25,2858.8700000000003,934.98,3.8,0.12,0.32704530111547564
843,52,55,2843.0,788.4,3.0,0.2727272727272727,0.2773126978543792
844,2,2,2840.0,33.81,3.0,0.0,0.01190492957746479
845,9,10,2840.0,355.66999999999996,4.6,0.0,0.12523591549295773
846,10,11,2827.9,251.0,3.6363636363636362,0.2727272727272727,0.08875844266063156
847,22,26,2821.2,455.96999999999997,4.423076923076923,0.038461538461538464,0.16162271373883455
848,64,67,2820.3,1255.58,4.2388059701492535,0.04477611940298507,0.4451937737120164
849,41,45,2819.77,1151.21,3.7333333333333334,0.1111111111111111,0.40826379456480494
850,20,23,2813.04,728.08,3.4782608695652173,0.17391304347826086,0.2588231948354805
851,62,78,2807.3,996.16,4.428571428571429,0.07692307692307693,0.3548462935917073
852,37,38,2805.2000000000003,589.22,3.8157894736842106,0.18421052631578946,0.21004562954513045
853,15,15,2802.7999999999997,275.97,4.133333333333334,0.13333333333333333,0.09846225203368063
854,22,25,2791.28,460.21999999999997,3.88,0.04,0.1648777621736264
855,70,74,2787.4,1123.04,3.8194444444444446,0.0945945945945946,0.40289875869986363
856,14,19,2785.7200000000003,310.31,3.263157894736842,0.0,0.11139310483465674
857,6,7,2778.6,795.46,3.857142857142857,0.0,0.28628086086518395
858,65,80,2778.58,1122.96,4.092105263157895,0.0625,0.40414888180293534
859,27,28,2777.7200000000003,757.4399999999999,4.464285714285714,0.14285714285714285,0.272684071828694
860,16,22,2761.4,287.89,4.363636363636363,0.09090909090909091,0.10425508799884116
861,15,16,2755.5,377.62,3.8125,0.0625,0.13704227907820724
862,12,14,2752.5,661.02,4.428571428571429,0.14285714285714285,0.2401525885558583
863,1,1,2749.0,69.74,1.0,0.0,0.025369225172790104
864,4,4,2748.0,222.42,2.25,0.0,0.08093886462882095
865,7,7,2744.44,242.43,4.428571428571429,0.0,0.08833496086633338
866,25,27,2726.7400000000002,1116.37,3.888888888888889,0.14814814814814814,0.409415639188188
867,36,38,2726.06,659.15,4.315789473684211,0.0,0.24179585188880656
868,31,32,2718.0,569.98,4.125,0.03125,0.2097056659308315
869,2,2,2718.0,104.75,5.0,0.0,0.038539367181751286
870,6,6,2715.0,353.85,4.166666666666667,0.16666666666666666,0.1303314917127072
871,7,7,2708.96,262.59000000000003,4.428571428571429,0.14285714285714285,0.09693387868407065
872,12,14,2708.5,521.02,4.214285714285714,0.14285714285714285,0.19236477755215062
873,13,14,2705.1,581.94,4.357142857142857,0.0,0.21512698236664082
874,22,25,2702.83,657.64,3.56,0.16,0.24331533984749318
875,36,38,2702.19,627.17,4.578947368421052,0.02631578947368421,0.23209692878739094
876,21,24,2692.28,392.56,3.6666666666666665,0.041666666666666664,0.1458094997548546
877,32,34,2690.0,580.96,3.3529411764705883,0.14705882352941177,0.21597026022304833
878,3,3,2685.0,63.06,3.6666666666666665,0.0,0.023486033519553074
879,18,18,2669.9,537.08,3.7777777777777777,0.0,0.20116109217573694
880,33,33,2666.7000000000003,957.31,4.0,0.18181818181818182,0.35898676266546664
881,17,17,2658.9,449.93,4.125,0.17647058823529413,0.169216593328068
882,17,21,2658.45,714.6800000000001,4.523809523809524,0.047619047619047616,0.26883334273730936
883,13,14,2654.8,333.88,4.428571428571429,0.14285714285714285,0.12576465270453518
884,28,30,2648.0,514.32,4.2,0.03333333333333333,0.1942296072507553
885,10,15,2644.95,216.16,2.466666666666667,0.13333333333333333,0.08172555246791055
886,11,11,2640.9,289.27,3.8181818181818183,0.09090909090909091,0.10953462834639704
887,8,10,2638.9300000000003,320.35,2.7,0.2,0.12139389828453198
888,11,11,2636.74,149.22,4.363636363636363,0.18181818181818182,0.05659261057214591
889,26,26,2635.5,415.79,4.384615384615385,0.07692307692307693,0.15776512995636502
890,11,11,2625.7999999999997,205.52,4.090909090909091,0.0,0.0782694797775916
891,12,16,2619.0,496.59999999999997,4.0625,0.125,0.1896143566246659
892,20,26,2616.75,593.64,4.153846153846154,0.0,0.2268615649183147
893,11,18,2597.0,616.79,4.111111111111111,0.0,0.2375009626492106
894,10,15,2588.9,259.42,3.933333333333333,0.2,0.10020472015141565
895,44,53,2588.07,747.26,3.6792452830188678,0.03773584905660377,0.2887325304184199
896,23,27,2580.0,1214.87,3.814814814814815,0.14814814814814814,0.47087984496124025
897,12,15,2575.9,341.47,4.6,0.0,0.13256337590744982
898,16,16,2575.9,346.43,4.3125,0.0625,0.13448891649520556
899,159,169,2574.7799999999997,2307.1,4.149700598802395,0.029585798816568046,0.8960377197275108
900,12,13,2571.95,302.27,4.230769230769231,0.0,0.11752561286183635
901,40,44,2563.0,853.69,3.727272727272727,0.09090909090909091,0.333082325399922
902,4,14,2561.96,302.82,3.5714285714285716,0.0,0.1181985667223532
903,30,30,2554.2,401.47,4.310344827586207,0.16666666666666666,0.1571803304361444
904,23,31,2548.5,583.32,3.967741935483871,0.06451612903225806,0.2288875809299588
905,16,17,2543.87,302.77000000000004,4.235294117647059,0.058823529411764705,0.11901944674845807
906,17,17,2527.5899999999997,224.85,4.0588235294117645,0.058823529411764705,0.08895825667928739
907,63,66,2522.7,1167.44,4.4393939393939394,0.045454545454545456,0.46277401197130064
908,12,12,2522.0,443.32,4.083333333333333,0.0,0.17578112609040444
909,46,50,2518.37,751.5,3.617021276595745,0.32,0.2984073031365526
910,52,62,2517.48,1117.12,3.870967741935484,0.11290322580645161,0.4437453326342215
911,8,8,2504.2,130.63,4.75,0.0,0.05216436386870058
912,14,16,2489.3,208.53,4.4375,0.0,0.0837705379022215
913,24,26,2482.1,349.52,4.1923076923076925,0.038461538461538464,0.14081624430925427
914,7,7,2478.3999999999996,321.1,4.857142857142857,0.0,0.12955939315687542
915,9,9,2471.0,247.74,4.222222222222222,0.2222222222222222,0.10025900445163902
916,13,15,2470.9,229.01999999999998,4.666666666666667,0.0,0.09268687522764983
917,18,24,2463.52,395.64,4.208333333333333,0.041666666666666664,0.1605994674287199
918,21,22,2461.41,378.01,4.545454545454546,0.09090909090909091,0.15357457717324624
919,11,11,2459.89,175.79000000000002,2.3636363636363638,0.18181818181818182,0.0714625450731537
920,6,17,2433.0,227.91000000000003,5.0,0.0,0.09367447595561036
921,34,39,2429.0,486.42,4.461538461538462,0.02564102564102564,0.20025524907369288
922,47,51,2424.78,855.41,4.176470588235294,0.0196078431372549,0.3527783963906003
923,7,13,2421.7,268.94,4.0,0.0,0.11105421811124418
924,18,20,2419.0,535.21,3.95,0.0,0.22125258371227782
925,19,23,2418.2999999999997,526.7,3.869565217391304,0.0,0.21779762643179096
926,17,17,2415.93,225.51,4.529411764705882,0.058823529411764705,0.09334293626057047
927,34,38,2411.3,557.47,3.3684210526315788,0.13157894736842105,0.23119064405092687
928,18,20,2410.0,284.72,3.8,0.05,0.11814107883817429
929,2,2,2399.98,230.7,5.0,0.0,0.09612580104834206
930,30,31,2388.3,642.34,4.580645161290323,0.03225806451612903,0.2689528116233304
931,10,11,2382.5,264.33,4.545454545454546,0.0,0.11094648478488982
932,12,12,2381.0,265.94,4.25,0.16666666666666666,0.11169256614867702
933,20,24,2376.0,296.82,4.125,0.20833333333333334,0.12492424242424242
934,13,14,2369.8,485.32,2.642857142857143,0.0,0.20479365347286688
935,4,6,2368.8,150.83,3.8333333333333335,0.0,0.06367359000337723
936,23,24,2359.27,389.69,4.375,0.08333333333333333,0.16517397330530206
937,18,19,2356.61,340.23,3.5789473684210527,0.0,0.14437263696581107
938,10,10,2355.0,490.12,4.4,0.0,0.20811889596602973
939,53,53,2349.94,687.37,4.415094339622642,0.0,0.2925053405618867
940,3,5,2349.0,135.3,4.8,0.0,0.057598978288633466
941,39,44,2338.25,697.14,4.7272727272727275,0.022727272727272728,0.29814604939591577
942,8,8,2332.3,246.2,4.625,0.0,0.10556103417227627
943,11,11,2324.82,190.73,4.545454545454546,0.09090909090909091,0.08204076014487142
944,42,43,2323.3,704.24,4.3023255813953485,0.046511627906976744,0.30312056127060644
945,14,14,2312.1,395.02,4.357142857142857,0.0,0.17084901172094633
946,40,41,2305.9,632.16,4.109756097560975,0.07317073170731707,0.274148922329676
947,69,76,2304.15,1012.02,4.355263157894737,0.10526315789473684,0.43921619686218344
948,37,44,2286.09,924.3,4.609756097560975,0.0,0.4043147907562694
949,16,16,2284.98,435.95,3.625,0.0,0.1907894160999221
950,15,15,2265.7,569.41,4.733333333333333,0.06666666666666667,0.2513174736284592
951,36,48,2256.34,2051.68,3.3541666666666665,0.0625,0.9092955848852565
952,5,5,2255.0,201.44,4.6,0.0,0.08933037694013303
953,13,15,2245.0,681.53,4.2,0.13333333333333333,0.30357683741648106
954,5,5,2244.2799999999997,372.02,4.8,0.2,0.1657636302065696
955,11,11,2243.9,246.5,3.9,0.0,0.10985338027541333
956,9,10,2242.28,207.97,4.222222222222222,0.4,0.09274934441728953
957,13,13,2241.0,746.2,3.923076923076923,0.23076923076923078,0.33297634984381974
958,10,10,2240.0,151.07999999999998,4.8,0.0,0.06744642857142856
959,4,4,2238.0,115.44,4.0,0.25,0.05158176943699732
960,27,33,2229.77,729.02,4.5625,0.15151515151515152,0.3269485193540141
961,24,25,2224.95,343.8,4.24,0.08,0.1545203262994674
962,31,39,2221.6,831.6,4.205128205128205,0.15384615384615385,0.3743248109470652
963,22,25,2220.0,467.43,3.84,0.08,0.21055405405405406
964,6,6,2219.6,91.35000000000001,3.5,0.0,0.041156064155703734
965,3,3,2217.99,123.77000000000001,4.333333333333333,0.0,0.05580277638763025
966,26,26,2217.39,396.19,4.423076923076923,0.11538461538461539,0.17867402667099608
967,7,7,2217.15,175.99,4.142857142857143,0.0,0.07937667726585933
968,54,59,2212.41,809.11,4.017241379310345,0.06779661016949153,0.36571431154261647
969,57,74,2211.1,1007.47,3.8378378378378377,0.06756756756756757,0.45564198815069423
970,19,19,2192.0,251.22,4.105263157894737,0.05263157894736842,0.11460766423357664
971,11,11,2190.8,354.46,3.5454545454545454,0.2727272727272727,0.16179477816322801
972,17,37,2190.3,715.69,3.581081081081081,0.1891891891891892,0.3267543258914304
973,28,38,2185.4,593.7,3.8157894736842106,0.0,0.271666514139288
974,7,7,2178.27,324.89,1.6666666666666667,0.42857142857142855,0.14915047262276945
975,11,12,2176.4,266.54,3.6666666666666665,0.16666666666666666,0.12246829626906819
976,17,17,2165.85,296.22,4.352941176470588,0.23529411764705882,0.13676847427107142
977,16,16,2165.0,312.55,4.1875,0.0625,0.14436489607390302
978,33,35,2162.8,583.67,4.4,0.14285714285714285,0.2698677640096171
979,14,14,2153.9,681.92,3.5714285714285716,0.2857142857142857,0.31659779934073073
980,17,18,2149.2,255.77,4.444444444444445,0.0,0.11900707239903222
981,40,42,2148.49,846.93,3.9523809523809526,0.047619047619047616,0.394197785421389
982,13,22,2141.49,290.32,4.0,0.09090909090909091,0.1355691597906131
983,43,43,2141.42,687.83,4.404761904761905,0.13953488372093023,0.32120275331322207
984,11,12,2136.5299999999997,413.1,4.166666666666667,0.08333333333333333,0.193350900759643
985,18,18,2134.6800000000003,339.87,4.277777777777778,0.1111111111111111,0.15921355894091851
986,17,17,2134.13,215.78,4.352941176470588,0.058823529411764705,0.10110911706409637
987,14,20,2126.07,397.72,4.6,0.05,0.18706815862130596
988,14,15,2116.0,995.7,3.933333333333333,0.26666666666666666,0.4705576559546314
989,13,21,2113.7000000000003,632.25,3.4761904761904763,0.047619047619047616,0.29912002649382596
990,16,16,2101.5,433.44,3.9375,0.0,0.2062526766595289
991,18,20,2101.2,727.46,4.25,0.0,0.34621168855891876
992,22,30,2096.6,726.5,4.466666666666667,0.0,0.34651340265191266
993,4,4,2095.5,122.69,5.0,0.0,0.05854927225005965
994,38,43,2094.36,535.87,4.558139534883721,0.023255813953488372,0.2558633663744533
995,1,1,2090.0,65.35,5.0,0.0,0.031267942583732056
996,11,16,2085.15,404.65,4.3125,0.0625,0.1940627772582308
997,60,78,2083.45,1335.52,4.198717948717949,0.038461538461538464,0.641013703232619
998,24,29,2076.2,442.74,3.6206896551724137,0.0,0.2132453520855409
999,18,22,2075.0,335.68,4.545454545454546,0.045454545454545456,0.16177349397590363
1000,11,23,2073.3,991.03,3.3043478260869565,0.13043478260869565,0.4779964308107847
1001,19,23,2068.8,369.17,3.9130434782608696,0.08695652173913043,0.17844644238205723
1002,30,32,2066.8,670.75,4.5,0.125,0.32453551383781687
1003,9,16,2061.4,230.82,3.1875,0.0,0.11197244591054623
1004,21,22,2058.1,511.06,4.2727272727272725,0.045454545454545456,0.2483164083377873
1005,41,51,2056.3,624.4,3.1470588235294117,0.058823529411764705,0.3036521908281865
1006,10,10,2046.45,179.39,4.0,0.2,0.08765911700750079
1007,18,22,2045.0,234.56,4.636363636363637,0.0,0.11469926650366748
1008,15,28,2042.98,571.28,3.0,0.0,0.279630735494229
1009,27,28,2030.9,331.7,4.321428571428571,0.0,0.16332660396868381
1010,31,39,2030.88,664.89,4.333333333333333,0.1282051282051282,0.3273900969038052
1011,6,7,2027.18,173.37,4.428571428571429,0.0,0.085522745883444
1012,36,40,2024.04,453.28000000000003,3.725,0.075,0.22394814331732577
1013,23,27,2020.73,438.08,3.111111111111111,0.1111111111111111,0.21679294116482656
1014,9,10,2010.84,212.07,4.7,0.0,0.10546338843468402
1015,9,10,2010.8,207.37,4.3,0.1,0.10312810821563557
1016,15,15,2007.38,371.25,3.8666666666666667,0.26666666666666666,0.1849425619464177
1017,11,12,2005.0,463.41,3.0833333333333335,0.08333333333333333,0.2311271820448878
1018,61,73,2004.89,943.4399999999999,4.602739726027397,0.0547945205479452,0.4705694576759822
1019,12,14,2002.0,231.82,4.428571428571429,0.0,0.1157942057942058
1020,10,10,1999.54,213.06,4.222222222222222,0.0,0.10655450753673346
1021,1,1,1999.0,29.75,5.0,0.0,0.014882441220610306
1022,11,11,1993.99,501.42,4.545454545454546,0.09090909090909091,0.2514656542911449
1023,20,21,1991.9,345.11,4.368421052631579,0.0,0.17325668959285104
1024,42,45,1971.55,857.11,4.155555555555556,0.08888888888888889,0.43473916461667217
1025,6,6,1971.46,145.63,3.8333333333333335,0.0,0.07386911223154413
1026,11,11,1959.0,252.38,4.545454545454546,0.09090909090909091,0.12883103624298112
1027,20,21,1953.0,467.11,4.1,0.0,0.23917562724014338
1028,40,56,1949.96,783.6,4.517857142857143,0.0,0.4018543970132721
1029,26,40,1935.3300000000002,536.01,3.986842105263158,0.0,0.27696051836120966
1030,22,25,1930.59,382.61,3.44,0.28,0.19818293889432764
1031,5,5,1915.0,697.56,3.8,0.0,0.3642610966057441
1032,19,19,1914.8300000000002,280.78000000000003,3.3684210526315788,0.05263157894736842,0.14663442707707733
1033,19,22,1912.6000000000001,506.73,4.2272727272727275,0.09090909090909091,0.2649430095158423
1034,12,13,1912.15,203.68,3.076923076923077,0.07692307692307693,0.10651884004915932
1035,5,5,1904.0,108.56,4.4,0.0,0.05701680672268908
1036,14,14,1894.7,391.91,4.071428571428571,0.0,0.2068454108829894
1037,7,14,1890.0,264.77,4.071428571428571,0.0,0.14008994708994707
1038,10,12,1886.1000000000001,256.75,3.6666666666666665,0.08333333333333333,0.13612745877737129
1039,19,20,1885.09,441.58,4.35,0.0,0.2342487626585468
1040,25,33,1883.78,504.35,4.2727272727272725,0.0,0.2677329624478442
1041,27,28,1880.3000000000002,457.87,4.777777777777778,0.0,0.24350901451895973
1042,19,22,1878.58,372.12,4.136363636363637,0.045454545454545456,0.19808578820172684
1043,16,17,1872.79,365.55,4.117647058823529,0.058823529411764705,0.19519006402212744
1044,20,20,1871.7,355.89,4.157894736842105,0.1,0.19014265106587594
1045,27,31,1866.76,436.67,4.266666666666667,0.03225806451612903,0.23391866120979665
1046,13,13,1859.18,642.57,3.923076923076923,0.3076923076923077,0.3456201120924279
1047,30,33,1853.79,588.95,4.133333333333334,0.12121212121212122,0.3177004946622865
1048,8,8,1849.79,113.03,2.0,0.125,0.06110423345352716
1049,4,5,1848.59,112.38000000000001,4.6,0.0,0.06079227952114856
1050,3,3,1847.0,237.73,2.6666666666666665,0.0,0.12871142393069843
1051,29,29,1846.0,516.92,3.925925925925926,0.1724137931034483,0.2800216684723727
1052,24,26,1843.64,388.99,4.038461538461538,0.11538461538461539,0.21099021500943785
1053,14,14,1839.8600000000001,419.69,4.214285714285714,0.14285714285714285,0.22810974748078655
1054,15,22,1833.43,547.92,4.409090909090909,0.0,0.29884969701597547
1055,14,17,1825.68,388.21000000000004,3.5625,0.17647058823529413,0.2126385785022567
1056,13,23,1822.8,447.72,3.8823529411764706,0.0,0.24562211981566823
1057,49,61,1822.11,946.55,4.524590163934426,0.06557377049180328,0.519480163107606
1058,15,16,1816.55,576.47,3.5625,0.1875,0.31734331562577417
1059,21,24,1812.96,347.89,4.291666666666667,0.08333333333333333,0.19189060983143588
1060,12,14,1804.6000000000001,292.76,4.357142857142857,0.0,0.16222985703202925
1061,21,30,1804.01,378.71,4.2592592592592595,0.2,0.20992677424182793
1062,9,10,1804.0,484.31,2.4,0.1,0.2684645232815965
1063,7,7,1803.59,151.53,4.714285714285714,0.0,0.08401576855050207
1064,8,8,1802.0,181.29,4.25,0.125,0.10060488346281908
1065,13,13,1798.61,168.97,4.461538461538462,0.0,0.09394476846008863
1066,8,9,1796.2,394.46000000000004,4.0,0.2222222222222222,0.21960806146308876
1067,19,21,1793.76,434.31,4.380952380952381,0.047619047619047616,0.24212269199892963
1068,12,13,1790.6,585.7,3.3076923076923075,0.3076923076923077,0.32709706243717196
1069,8,10,1790.0,182.08,4.1,0.2,0.10172067039106146
1070,7,7,1789.0,164.41,4.142857142857143,0.14285714285714285,0.0919005030743432
1071,13,15,1782.54,195.04,3.4285714285714284,0.06666666666666667,0.10941689948051657
1072,8,8,1778.92,240.3,5.0,0.0,0.1350819598408023
1073,18,24,1776.0,646.22,3.25,0.0,0.3638626126126126
1074,25,25,1773.03,774.14,3.88,0.0,0.43661979774735904
1075,14,15,1772.45,201.17000000000002,4.466666666666667,0.2,0.11349826511326132
1076,7,7,1769.0,176.29000000000002,3.5714285714285716,0.2857142857142857,0.09965517241379311
1077,14,14,1768.8700000000001,466.23,4.428571428571429,0.0,0.26357505073860715
1078,26,36,1767.9,487.54,4.0285714285714285,0.08333333333333333,0.27577351660161775
1079,17,28,1751.82,495.13,3.8214285714285716,0.21428571428571427,0.2826374855864187
1080,1,1,1750.0,39.02,4.0,0.0,0.02229714285714286
1081,4,4,1748.0,214.41,4.25,0.5,0.12266018306636155
1082,2,2,1742.99,81.57,4.5,0.0,0.04679889155990567
1083,25,25,1733.75,491.63,3.88,0.12,0.28356452775775054
1084,11,11,1732.9,167.19,4.181818181818182,0.09090909090909091,0.09647988920306999
1085,11,11,1720.6,337.86,4.2727272727272725,0.09090909090909091,0.19636173427873999
1086,20,20,1718.3,383.52,4.1,0.1,0.22319734621428156
1087,2,4,1716.0,311.4,5.0,0.0,0.18146853146853145
1088,7,13,1714.8,241.87,3.769230769230769,0.23076923076923078,0.14104851877770003
1089,22,24,1712.0,535.93,4.086956521739131,0.125,0.3130432242990654
1090,7,11,1702.0,319.2,4.636363636363637,0.2727272727272727,0.18754406580493535
1091,1,1,1699.0,60.04,5.0,0.0,0.035338434373160685
1092,3,3,1696.7,91.64,3.6666666666666665,0.0,0.05401072670477987
1093,21,27,1693.5,436.23,3.1923076923076925,0.2222222222222222,0.2575907883082374
1094,2,3,1692.0,505.6,3.6666666666666665,0.0,0.2988179669030733
1095,10,15,1684.8500000000001,416.63,2.933333333333333,0.0,0.24728017330919663
1096,16,17,1681.69,419.65999999999997,3.9411764705882355,0.11764705882352941,0.24954658706420324
1097,6,6,1680.1,107.60999999999999,2.5,0.3333333333333333,0.06404975894292006
1098,9,9,1679.55,149.92,3.7777777777777777,0.1111111111111111,0.08926200470364085
1099,12,12,1678.8000000000002,221.16,3.0833333333333335,0.3333333333333333,0.13173695496783416
1100,9,14,1678.1399999999999,265.89,4.785714285714286,0.0,0.15844327648467946
1101,13,14,1676.88,233.99,4.285714285714286,0.07142857142857142,0.1395389055865655
1102,25,27,1670.3,617.1999999999999,4.518518518518518,0.1111111111111111,0.36951445848051245
1103,11,12,1667.0,221.44,4.333333333333333,0.0,0.1328374325134973
1104,11,18,1664.71,330.22,3.1666666666666665,0.1111111111111111,0.19836488036955388
1105,13,14,1662.6,208.43,3.5714285714285716,0.2857142857142857,0.12536388788644293
1106,5,10,1662.15,137.31,5.0,0.0,0.0826098727551665
1107,1,1,1658.83,34.48,5.0,0.0,0.02078573452373058
1108,50,50,1654.36,705.19,4.326530612244898,0.04,0.42626151502695914
1109,14,16,1654.0,292.45,4.0625,0.0,0.17681378476420798
1110,25,26,1650.98,387.61,4.5,0.0,0.2347757089728525
1111,12,14,1649.4,274.47,3.0,0.35714285714285715,0.16640596580574754
1112,28,31,1649.01,438.12,4.3,0.06451612903225806,0.2656866847381156
1113,6,8,1647.3899999999999,262.15999999999997,3.5,0.0,0.1591365736103776
1114,12,12,1642.0,220.35,4.416666666666667,0.08333333333333333,0.13419610231425091
1115,11,12,1638.99,211.24,4.25,0.0,0.12888425188683275
1116,30,30,1632.79,632.49,3.9310344827586206,0.06666666666666667,0.387367634539653
1117,47,51,1627.88,575.48,4.509803921568627,0.058823529411764705,0.3535150011057326
1118,19,21,1623.9,360.09,3.5714285714285716,0.0,0.22174394975060038
1119,17,18,1622.77,373.81,4.444444444444445,0.05555555555555555,0.23035303832336068
1120,16,18,1622.74,566.12,4.333333333333333,0.05555555555555555,0.3488667315774554
1121,6,7,1620.3,137.98,4.857142857142857,0.0,0.0851570696784546
1122,23,26,1619.7,469.67,4.730769230769231,0.0,0.2899734518738038
1123,13,17,1618.65,218.3,4.6875,0.0,0.1348654743150156
1124,18,20,1610.33,315.85,4.315789473684211,0.05,0.19613992163097008
1125,16,16,1604.59,284.05,4.625,0.0625,0.17702341408085556
1126,5,5,1603.5,89.4,3.2,0.6,0.05575304022450889
1127,9,9,1599.4,146.59,3.888888888888889,0.1111111111111111,0.09165311991996998
1128,1,1,1599.0,39.72,5.0,0.0,0.024840525328330205
1129,2,2,1598.0,284.79999999999995,5.0,0.0,0.17822277847309134
1130,4,8,1597.3,205.5,4.125,0.125,0.128654604645339
1131,10,11,1595.3,234.61,4.363636363636363,0.0,0.14706324829185735
1132,18,18,1594.6499999999999,338.97,4.588235294117647,0.0,0.21256702097638983
1133,23,25,1593.59,363.4,3.8,0.12,0.2280385795593597
1134,5,5,1588.3,116.14,4.6,0.0,0.07312220613234276
1135,21,24,1584.6000000000001,460.64,3.8333333333333335,0.0,0.29069796794143626
1136,15,15,1581.0,247.59,4.266666666666667,0.06666666666666667,0.1566034155597723
1137,3,4,1572.6999999999998,80.93,2.75,0.0,0.05145927386024036
1138,12,13,1570.0,248.28,4.615384615384615,0.07692307692307693,0.15814012738853503
1139,15,16,1567.9,558.71,3.5,0.125,0.35634287901014094
1140,3,3,1564.99,68.0,3.6666666666666665,0.3333333333333333,0.043450756873845836
1141,5,5,1552.9,301.0,2.6,0.0,0.19383089703136067
1142,11,11,1552.27,231.62,4.545454545454546,0.0,0.1492137321471136
1143,15,15,1552.0,194.9,4.714285714285714,0.0,0.1255798969072165
1144,21,24,1552.0,481.27,4.75,0.0,0.3100966494845361
1145,11,11,1548.9,239.04,4.0,0.09090909090909091,0.1543288785589773
1146,7,7,1545.5,223.4,4.285714285714286,0.14285714285714285,0.14454868974441928
1147,5,5,1539.5,82.61,3.8,0.0,0.05366027931146476
1148,17,18,1536.19,326.14,4.611111111111111,0.0,0.21230446754633214
1149,10,10,1535.2,280.2,4.4,0.0,0.18251693590411672
1150,8,8,1529.2,165.87,4.625,0.0,0.10846848025111169
1151,3,4,1525.0,47.28,4.25,0.0,0.03100327868852459
1152,36,43,1524.7,827.65,4.441860465116279,0.046511627906976744,0.5428280973306224
1153,11,11,1521.21,277.65999999999997,4.4,0.0,0.1825257525259497
1154,5,5,1520.0,82.42,4.2,0.0,0.05422368421052632
1155,4,4,1520.0,443.08,4.5,0.25,0.2915
1156,4,4,1519.96,249.63,3.25,0.5,0.16423458512066105
1157,5,6,1519.3999999999999,351.35,4.666666666666667,0.0,0.23124259576148484
1158,19,19,1519.2,459.03,4.052631578947368,0.0,0.302152448657188
1159,18,23,1516.76,496.37,3.652173913043478,0.17391304347826086,0.3272567841978955
1160,8,8,1513.0,128.74,3.75,0.125,0.08508922670191672
1161,11,16,1512.4,279.04,3.25,0.0,0.1845014546416292
1162,10,10,1511.95,237.82,4.444444444444445,0.1,0.15729356129501637
1163,4,6,1507.6,148.05,4.5,0.16666666666666666,0.09820244096577342
1164,16,17,1504.0,359.04,3.764705882352941,0.11764705882352941,0.23872340425531915
1165,6,6,1499.94,158.15,3.3333333333333335,0.3333333333333333,0.10543755083536675
1166,7,7,1497.0,185.22,3.857142857142857,0.14285714285714285,0.12372745490981964
1167,14,17,1491.9,312.17,3.588235294117647,0.29411764705882354,0.20924324686641196
1168,1,1,1489.0,22.86,1.0,1.0,0.015352585627938214
1169,12,12,1487.8,233.15,4.25,0.0,0.15670789084554376
1170,11,14,1486.8,393.2,4.5,0.0,0.2644605864944848
1171,14,14,1484.48,225.89,4.357142857142857,0.07142857142857142,0.15216776244880362
1172,6,6,1484.3999999999999,127.63,3.0,0.3333333333333333,0.08598086769064943
1173,21,23,1484.3700000000001,476.53,3.3043478260869565,0.13043478260869565,0.32103181821244026
1174,20,23,1483.0,347.15,3.8260869565217392,0.17391304347826086,0.23408631153068105
1175,10,14,1477.0,306.26,3.9642857142857144,0.07142857142857142,0.20735274204468518
1176,5,5,1475.0,214.99,4.4,0.0,0.14575593220338984
1177,12,14,1474.1100000000001,335.44,4.5,0.0,0.2275542530747366
1178,8,8,1471.9,273.83,4.5,0.125,0.1860384536993002
1179,18,19,1471.54,276.15,4.368421052631579,0.0,0.1876605460945676
1180,29,35,1469.1200000000001,675.5699999999999,4.428571428571429,0.11428571428571428,0.4598467109562186
1181,24,29,1466.71,587.8100000000001,4.482758620689655,0.13793103448275862,0.4007677045905462
1182,5,5,1465.99,67.72,5.0,0.0,0.046194039522779826
1183,11,11,1463.0,204.91,4.363636363636363,0.09090909090909091,0.14006151742993847
1184,3,3,1459.97,86.86999999999999,2.6666666666666665,0.0,0.059501222627862206
1185,4,4,1459.6,197.85,4.25,0.0,0.13555083584543712
1186,12,13,1458.8700000000001,341.55,4.3076923076923075,0.07692307692307693,0.2341195582882642
1187,1,1,1455.0,101.7,5.0,0.0,0.06989690721649484
1188,7,8,1450.95,242.64,3.5714285714285716,0.0,0.16722836762121368
1189,6,6,1449.3999999999999,115.32,5.0,0.0,0.07956395749965503
1190,9,12,1443.8,178.64,4.166666666666667,0.16666666666666666,0.12372904834464607
1191,8,8,1442.0,131.77,4.625,0.0,0.09138002773925105
1192,11,21,1438.11,453.19,2.9047619047619047,0.047619047619047616,0.3151288844386035
1193,12,17,1437.8,556.29,3.4705882352941178,0.23529411764705882,0.3869036027263875
1194,26,30,1433.3,408.96,3.566666666666667,0.16666666666666666,0.2853275657573432
1195,8,8,1432.0,230.85,5.0,0.0,0.16120810055865922
1196,10,11,1429.0,229.92000000000002,4.454545454545454,0.0,0.16089573128061582
1197,8,8,1427.91,151.75,3.875,0.25,0.10627420495689503
1198,20,20,1426.3,344.56,2.1,0.0,0.24157610600855361
1199,54,59,1425.2,732.14,4.559322033898305,0.05084745762711865,0.5137103564412012
1200,19,38,1425.14,798.66,3.1315789473684212,0.13157894736842105,0.5604081002568169
1201,9,10,1422.94,231.38,4.0,0.1,0.16260699678131194
1202,7,7,1419.5700000000002,120.63,3.0,0.0,0.0849764365265538
1203,3,3,1416.76,133.88,4.666666666666667,0.0,0.09449730370704988
1204,2,2,1416.0,31.950000000000003,4.5,0.0,0.0225635593220339
1205,4,4,1414.98,98.01,3.75,0.5,0.06926599669253276
1206,21,21,1405.63,467.5,3.761904761904762,0.047619047619047616,0.33259108015622885
1207,15,17,1401.84,240.36,4.0,0.17647058823529413,0.17146036637562062
1208,13,14,1400.6000000000001,277.21,3.727272727272727,0.0,0.19792231900614018
1209,11,12,1400.4,324.40999999999997,4.3,0.0,0.2316552413596115
1210,29,32,1400.0,439.67,4.625,0.0625,0.31405
1211,1,2,1400.0,74.76,5.0,1.0,0.0534
1212,8,11,1399.62,292.41,4.7272727272727275,0.0,0.208920992840914
1213,19,23,1396.7,353.85,3.6956521739130435,0.2608695652173913,0.25334717548507196
1214,11,11,1384.5,147.93,4.2727272727272725,0.09090909090909091,0.10684723726977248
1215,18,19,1382.36,308.81,3.9473684210526314,0.15789473684210525,0.22339332735322204
1216,16,19,1374.8500000000001,296.03,3.6842105263157894,0.21052631578947367,0.21531803469469393
1217,14,14,1372.97,234.71,4.5,0.0,0.17095056701894434
1218,8,8,1372.3,230.26999999999998,4.5,0.0,0.1677985863149457
1219,12,12,1368.5,238.13,4.75,0.08333333333333333,0.1740080379978078
1220,9,9,1367.2,147.14000000000001,4.888888888888889,0.0,0.1076214160327677
1221,4,4,1362.8,86.84,3.25,0.0,0.06372174933959496
1222,13,13,1361.3,239.57999999999998,4.230769230769231,0.23076923076923078,0.17599353559097922
1223,15,15,1360.5900000000001,269.51,4.214285714285714,0.06666666666666667,0.19808318450084153
1224,9,9,1359.7800000000002,177.19,2.5555555555555554,0.0,0.13030784391592756
1225,3,3,1359.0,101.85,3.3333333333333335,0.0,0.0749448123620309
1226,2,2,1359.0,85.37,3.5,0.0,0.06281824871228846
1227,23,23,1354.0900000000001,301.88,4.6521739130434785,0.0,0.2229393910301383
1228,17,19,1354.0,317.1,4.473684210526316,0.21052631578947367,0.2341949778434269
1229,23,28,1352.2,459.07,3.7857142857142856,0.10714285714285714,0.33949859488241385
1230,10,11,1349.1,294.98,4.2727272727272725,0.0,0.21864947001704843
1231,7,7,1348.4,235.62,5.0,0.0,0.1747404331059033
1232,2,3,1347.0,140.88,3.0,0.0,0.10458797327394209
1233,23,27,1344.3,388.88,4.407407407407407,0.0,0.28928066651789036
1234,11,11,1342.95,163.6,3.0,0.18181818181818182,0.1218213634163595
1235,3,4,1342.0,184.76,2.5,0.25,0.13767511177347241
1236,6,6,1341.45,268.28000000000003,5.0,0.0,0.19999254537999928
1237,2,2,1340.0,77.6,4.0,0.0,0.05791044776119403
1238,15,19,1338.64,262.71,2.3333333333333335,0.21052631578947367,0.19625141935098306
1239,12,12,1328.02,217.81,4.333333333333333,0.08333333333333333,0.16401108417041912
1240,12,13,1328.0,779.42,3.3846153846153846,0.07692307692307693,0.5869126506024096
1241,7,7,1322.93,119.16,4.571428571428571,0.0,0.09007279296712599
1242,1,1,1322.64,47.77,5.0,0.0,0.03611715962015363
1243,14,15,1320.7,454.24,3.7,0.06666666666666667,0.34393882032255624
1244,37,45,1318.9,659.05,4.333333333333333,0.0,0.4996967169611039
1245,6,7,1316.73,198.54,5.0,0.0,0.1507826205828074
1246,7,7,1315.3,167.17,1.8333333333333333,0.0,0.12709647989051928
1247,12,16,1313.9,280.61,3.0625,0.0,0.2135702869320344
1248,8,8,1313.0,153.12,3.875,0.0,0.11661843107387662
1249,16,16,1312.3999999999999,232.19,4.375,0.125,0.17692014629686073
1250,18,18,1312.1,241.85,4.666666666666667,0.05555555555555555,0.1843228412468562
1251,42,43,1311.7,667.47,4.255813953488372,0.046511627906976744,0.5088587329419837
1252,3,3,1310.0,80.47,4.666666666666667,0.0,0.061427480916030536
1253,6,6,1309.94,125.67999999999999,4.833333333333333,0.16666666666666666,0.09594332564850297
1254,7,8,1309.2,192.51,4.375,0.0,0.14704399633363885
1255,7,12,1307.34,172.97,3.25,0.0,0.1323068214848471
1256,10,10,1304.9,258.78,4.4,0.2,0.19831404705341402
1257,6,6,1304.67,189.36,3.5,0.0,0.14514015038285544
1258,5,7,1304.17,454.21,4.285714285714286,0.2857142857142857,0.348275148178535
1259,20,20,1303.9,363.18,4.15,0.05,0.27853362987959196
1260,3,5,1299.5500000000002,43.4,1.0,0.0,0.03339617559924589
1261,1,1,1299.0,24.79,5.0,0.0,0.019083910700538876
1262,5,10,1298.0,1857.7600000000002,4.5,0.1,1.4312480739599385
1263,13,16,1297.4,260.15,3.8125,0.0625,0.20051641745028514
1264,9,9,1294.97,164.56,3.888888888888889,0.0,0.1270763029259365
1265,7,7,1294.3,198.93,3.5714285714285716,0.14285714285714285,0.15369697906204127
1266,22,23,1291.72,422.96999999999997,3.090909090909091,0.13043478260869565,0.3274471247638807
1267,14,14,1289.77,388.18,4.214285714285714,0.07142857142857142,0.3009683897128946
1268,16,17,1289.6000000000001,282.11,4.0588235294117645,0.0,0.21875775434243175
1269,11,12,1288.2,290.8,4.166666666666667,0.0,0.2257413445117218
1270,12,13,1283.1100000000001,213.07,4.153846153846154,0.15384615384615385,0.16605746974148747
1271,3,3,1282.05,123.78,4.333333333333333,0.0,0.09654849654849655
1272,2,2,1282.0,38.95,4.5,0.0,0.030382215288611545
1273,4,5,1281.59,133.41,4.4,0.0,0.1040972541920583
1274,8,9,1281.5,170.06,4.888888888888889,0.0,0.1327038626609442
1275,4,4,1280.0,96.94,3.75,0.0,0.07573437499999999
1276,6,6,1280.0,156.09,3.8333333333333335,0.0,0.1219453125
1277,26,47,1279.56,579.46,2.5652173913043477,0.48936170212765956,0.45285879521085376
1278,13,15,1278.5,323.6,3.857142857142857,0.0,0.2531091122409073
1279,2,2,1278.36,50.14,5.0,0.0,0.03922212835195094
1280,14,16,1277.29,373.2,4.75,0.0625,0.29218110217726595
1281,22,23,1269.77,358.77,4.173913043478261,0.0,0.2825472329634501
1282,7,13,1266.0,292.73,5.0,0.0,0.23122432859399686
1283,15,18,1263.05,286.34,4.555555555555555,0.1111111111111111,0.2267051977356399
1284,6,6,1262.6,81.05,4.833333333333333,0.0,0.06419293521305243
1285,17,18,1259.1,244.45000000000002,4.555555555555555,0.05555555555555555,0.19414661265983643
1286,6,8,1258.87,184.06,4.125,0.0,0.1462104903604026
1287,8,9,1256.0,140.94,4.777777777777778,0.1111111111111111,0.11221337579617834
1288,9,9,1255.6,244.0,4.444444444444445,0.0,0.19432940426887546
1289,8,8,1254.2,155.19,3.125,0.0,0.12373624621272523
1290,2,2,1252.43,28.8,5.0,0.0,0.02299529714235526
1291,9,10,1252.0,226.43,4.7,0.0,0.18085463258785944
1292,11,12,1247.8,283.99,2.4166666666666665,0.25,0.22759256291072288
1293,17,20,1245.42,168.1,4.85,0.0,0.1349745467392526
1294,10,16,1244.95,183.02,4.5625,0.1875,0.14700992007711153
1295,27,27,1244.0,448.11,4.703703703703703,0.0,0.3602170418006431
1296,6,6,1238.5,171.25,4.833333333333333,0.0,0.13827210335082762
1297,8,8,1238.0,155.10999999999999,4.5,0.125,0.12529079159935377
1298,51,55,1234.5,793.66,3.981818181818182,0.16363636363636364,0.6428999594977723
1299,3,3,1230.0,66.77,4.0,0.3333333333333333,0.05428455284552845
1300,7,7,1228.98,168.16,3.5714285714285716,0.2857142857142857,0.13682891503523245
1301,25,25,1225.5,388.28,4.041666666666667,0.08,0.31683394532843734
1302,13,13,1219.8899999999999,319.81,4.923076923076923,0.0,0.26216298190820486
1303,2,2,1218.9,43.82000000000001,4.5,0.0,0.03595044712445648
1304,18,18,1218.8,286.67,4.111111111111111,0.05555555555555555,0.235206760748277
1305,6,7,1217.9,164.78,4.571428571428571,0.0,0.13529846457016176
1306,22,27,1215.79,343.94,3.814814814814815,0.037037037037037035,0.2828942498293291
1307,4,5,1212.0,138.14,3.0,0.4,0.11397689768976897
1308,29,30,1211.0,470.11,4.172413793103448,0.13333333333333333,0.3881998348472337
1309,11,11,1210.0,184.95000000000002,4.909090909090909,0.0,0.1528512396694215
1310,23,23,1209.64,384.18,4.173913043478261,0.043478260869565216,0.31759862438411424
1311,5,5,1208.0,220.21999999999997,3.2,0.2,0.18230132450331124
1312,31,39,1208.0,575.36,4.3076923076923075,0.02564102564102564,0.4762913907284768
1313,3,3,1200.0,49.519999999999996,5.0,0.0,0.04126666666666667
1314,1,1,1199.0,28.78,1.0,0.0,0.024003336113427858
1315,2,2,1198.0,132.88,2.0,0.0,0.11091819699499166
1316,3,3,1197.0,399.65999999999997,5.0,0.0,0.3338847117794486
1317,2,2,1194.0,44.9,5.0,0.5,0.03760469011725293
1318,22,22,1190.87,597.47,4.5,0.0,0.5017088347174755
1319,4,4,1189.8600000000001,136.45,4.0,0.5,0.11467735699998317
1320,9,9,1189.28,187.46,4.777777777777778,0.1111111111111111,0.15762478138033098
1321,2,2,1188.9,37.650000000000006,5.0,0.0,0.031667928337118345
1322,11,12,1188.8000000000002,275.26,3.6666666666666665,0.25,0.23154441453566618
1323,14,14,1188.23,255.22,3.7857142857142856,0.07142857142857142,0.2147900658963332
1324,8,13,1186.5,224.43,4.0,0.15384615384615385,0.18915297092288244
1325,8,8,1182.26,438.87,3.875,0.0,0.37121276199820685
1326,14,16,1182.2,221.18,4.6875,0.0,0.1870918626289968
1327,18,35,1181.75,939.61,2.6857142857142855,0.17142857142857143,0.7951004865665326
1328,7,8,1177.71,184.95999999999998,3.125,0.0,0.1570505472484737
1329,3,3,1177.0,81.8,2.3333333333333335,0.6666666666666666,0.06949872557349193
1330,15,17,1176.5,392.74,4.470588235294118,0.0,0.3338206544836379
1331,3,3,1170.0,118.59,4.0,0.0,0.10135897435897437
1332,3,4,1168.8,306.44,2.75,0.0,0.26218343600273786
1333,13,13,1167.66,334.36,4.076923076923077,0.07692307692307693,0.28635047873524827
1334,17,19,1165.8,308.95,4.368421052631579,0.0,0.2650111511408475
1335,7,7,1165.5,101.98,4.857142857142857,0.0,0.0874989274989275
1336,9,9,1165.5,269.68,3.4444444444444446,0.2222222222222222,0.2313856713856714
1337,43,46,1158.0,615.76,4.5777777777777775,0.06521739130434782,0.5317443868739206
1338,12,12,1156.03,321.35,4.333333333333333,0.0,0.277977215124175
1339,11,11,1154.35,194.18,4.181818181818182,0.0,0.16821587906614113
1340,2,2,1154.0,300.44,5.0,0.0,0.2603466204506066
1341,3,3,1151.0,137.41,2.3333333333333335,0.0,0.11938314509122502
1342,18,22,1150.57,364.78,4.454545454545454,0.045454545454545456,0.31704285701869506
1343,7,8,1148.8,135.54,4.0,0.0,0.11798398328690808
1344,4,5,1148.0,80.18,3.2,0.2,0.0698432055749129
1345,11,12,1146.88,215.04,4.916666666666667,0.08333333333333333,0.18749999999999997
1346,3,3,1139.9,59.41,4.333333333333333,0.0,0.05211860689534169
1347,10,10,1139.8,217.29,4.8,0.0,0.19063870854535883
1348,9,21,1135.8999999999999,300.31,4.0476190476190474,0.09523809523809523,0.26438066731226345
1349,8,8,1135.2,330.53,4.375,0.0,0.29116455250176176
1350,13,14,1134.6000000000001,185.47,4.5,0.14285714285714285,0.16346730125154238
1351,40,43,1130.99,943.52,4.404761904761905,0.046511627906976744,0.8342425662472701
1352,5,5,1129.9,65.25,3.2,0.2,0.05774847331622267
1353,4,4,1126.0,87.03,4.75,0.0,0.07729129662522202
1354,49,58,1125.56,689.24,3.9827586206896552,0.034482758620689655,0.6123529620810975
1355,9,9,1120.0,149.87,4.0,0.2222222222222222,0.1338125
1356,9,10,1118.84,189.2,4.2,0.2,0.16910371456151013
1357,17,18,1118.6000000000001,301.6,3.9444444444444446,0.0,0.2696227427141069
1358,4,5,1115.0,79.3,4.4,0.0,0.07112107623318385
1359,5,5,1109.5,144.85,2.0,0.0,0.13055430374042362
1360,6,7,1108.94,263.99,3.857142857142857,0.0,0.23805616174004005
1361,1,1,1107.0,148.71,5.0,0.0,0.13433604336043362
1362,12,13,1106.8,222.85000000000002,4.384615384615385,0.0,0.20134622334658478
1363,9,12,1104.89,141.22,4.833333333333333,0.16666666666666666,0.1278136285060051
1364,14,14,1104.7,160.49,4.0,0.0,0.1452792613379198
1365,1,1,1099.0,251.5,1.0,0.0,0.22884440400363967
1366,1,1,1099.0,97.78,2.0,0.0,0.08897179253867152
1367,4,5,1096.7,132.4,4.6,0.0,0.12072581380505151
1368,11,12,1094.8,290.87,4.166666666666667,0.16666666666666666,0.2656832298136646
1369,4,4,1094.0,204.24,4.75,0.0,0.186691042047532
1370,5,5,1089.5,73.31,4.8,0.2,0.06728774667278568
1371,8,8,1088.0,396.9,4.875,0.0,0.364797794117647
1372,15,15,1087.06,224.02,4.266666666666667,0.06666666666666667,0.20607878130002025
1373,6,6,1085.8,130.16,4.5,0.16666666666666666,0.11987474673052127
1374,14,17,1084.83,326.3,3.235294117647059,0.11764705882352941,0.3007844547071892
1375,3,4,1084.04,90.37,4.0,0.0,0.08336408250618059
1376,4,9,1080.0,149.4,5.0,0.0,0.13833333333333334
1377,8,8,1079.0,230.87,2.75,0.25,0.21396663577386468
1378,16,20,1078.8700000000001,370.90000000000003,4.15,0.0,0.34378562755475633
1379,9,9,1078.41,172.25,4.111111111111111,0.1111111111111111,0.15972589274951085
1380,15,17,1078.3,266.32,4.470588235294118,0.23529411764705882,0.24698135954743577
1381,1,2,1078.0,74.62,1.0,0.0,0.06922077922077922
1382,8,8,1077.8000000000002,209.56,4.375,0.125,0.1944331044720727
1383,5,5,1077.58,100.9,3.0,0.2,0.09363573934185862
1384,6,9,1076.0,145.69,4.666666666666667,0.0,0.1353996282527881
1385,11,26,1069.7,351.66999999999996,4.961538461538462,0.0,0.3287557259044591
1386,9,23,1064.6,243.8,3.9565217391304346,0.08695652173913043,0.22900619951155365
1387,8,8,1063.92,117.71,4.625,0.0,0.1106380178960824
1388,6,8,1061.4,179.57,4.625,0.0,0.1691822121726022
1389,9,11,1060.0,153.15,5.0,0.0,0.1444811320754717
1390,3,3,1059.9,268.28,3.6666666666666665,0.3333333333333333,0.2531182186998773
1391,29,30,1059.36,454.42,4.166666666666667,0.03333333333333333,0.42895710617731464
1392,10,12,1058.7,211.39,3.75,0.08333333333333333,0.19966940587512985
1393,10,11,1056.9,188.68,4.181818181818182,0.0,0.1785220929132368
1394,8,9,1055.3,110.78999999999999,4.888888888888889,0.0,0.10498436463564863
1395,10,10,1055.0,206.95,3.2,0.1,0.19616113744075828
1396,13,16,1054.82,277.05,3.75,0.0625,0.26265144764035575
1397,3,7,1052.8,499.77,3.142857142857143,0.5714285714285714,0.474705547112462
1398,12,18,1052.25,327.22,4.277777777777778,0.05555555555555555,0.31097172725112854
1399,18,38,1049.8,472.88,2.6578947368421053,0.0,0.45044770432463327
1400,2,2,1049.0,41.019999999999996,2.0,0.0,0.03910390848427073
1401,17,37,1047.6499999999999,573.85,3.324324324324324,0.08108108108108109,0.5477497255762899
1402,11,12,1045.47,244.06,4.25,0.08333333333333333,0.2334452447224693
1403,7,7,1043.0,154.94,5.0,0.0,0.1485522531160115
1404,11,12,1041.3,277.41,4.333333333333333,0.08333333333333333,0.26640737539613946
1405,9,10,1041.04,173.54,3.9,0.2,0.16669868592945516
1406,3,5,1039.95,102.60000000000001,3.6,0.0,0.09865858935525747
1407,22,24,1038.96,306.5,4.416666666666667,0.041666666666666664,0.295006545006545
1408,6,6,1037.6000000000001,87.89,1.8,0.6666666666666666,0.08470508866615264
1409,5,5,1037.6,134.36,4.2,0.0,0.12949113338473403
1410,7,8,1032.0,107.92999999999999,4.875,0.0,0.10458333333333332
1411,9,24,1029.11,378.3,4.166666666666667,0.0,0.36759918764757904
1412,7,8,1027.9,148.32999999999998,3.875,0.0,0.1443039206148458
1413,6,10,1024.46,221.88,4.8,0.2,0.21658239462741347
1414,7,7,1022.6,144.63,4.857142857142857,0.0,0.14143360062585567
1415,2,6,1020.0,89.65,1.6666666666666667,0.0,0.08789215686274511
1416,15,15,1019.2,225.45,4.666666666666667,0.0,0.2212029042386185
1417,5,5,1016.6800000000001,101.92,4.4,0.0,0.10024786560176259
1418,4,4,1011.52,74.31,4.5,0.25,0.07346369819677318
1419,1,1,1009.9,29.0,5.0,0.0,0.028715714427171007
1420,12,22,1009.4200000000001,381.43,3.5454545454545454,0.18181818181818182,0.3778704602643102
1421,16,22,1008.8,226.38,3.6363636363636362,0.0,0.22440523394131642
1422,13,26,1007.5,315.98,3.6538461538461537,0.07692307692307693,0.31362779156327547
1423,5,5,1007.5,102.51,3.8,0.0,0.1017468982630273
1424,10,15,1007.3000000000001,217.76,3.1333333333333333,0.0,0.21618187233197655
1425,24,25,1004.8,415.11,3.28,0.08,0.41312699044585993
1426,14,14,1004.29,242.37,4.642857142857143,0.07142857142857142,0.24133467424747834
1427,5,5,1002.66,83.94,4.8,0.0,0.08371731195021244
1428,6,6,1002.35,152.37,4.166666666666667,0.0,0.15201276999052227
1429,9,9,999.5,126.11,4.333333333333333,0.3333333333333333,0.12617308654327164
1430,3,3,998.8,111.74000000000001,4.333333333333333,0.0,0.11187424909891872
1431,2,2,998.0,45.43,2.5,0.0,0.04552104208416834
1432,1,2,998.0,82.56,1.0,0.0,0.08272545090180361
1433,16,17,995.04,301.14,4.352941176470588,0.23529411764705882,0.3026410998552822
1434,3,4,990.5999999999999,67.89,2.0,0.0,0.06853422168382799
1435,7,8,990.5,123.76,4.25,0.125,0.1249469964664311
1436,9,9,990.0,131.92,4.111111111111111,0.1111111111111111,0.13325252525252523
1437,2,4,989.74,108.59,5.0,0.0,0.10971568290662194
1438,22,29,989.34,380.88,4.357142857142857,0.034482758620689655,0.38498392867972586
1439,6,6,987.6999999999999,186.23,5.0,0.16666666666666666,0.18854915460159968
1440,19,23,987.0,286.73,4.391304347826087,0.043478260869565216,0.2905065856129686
1441,2,2,984.0,98.56,1.0,0.0,0.10016260162601626
1442,5,5,983.9,115.69,4.6,0.0,0.11758308771216587
1443,36,46,981.6999999999999,451.67,4.456521739130435,0.0,0.4600896404196802
1444,14,14,978.9,266.2,4.428571428571429,0.0,0.2719378894677699
1445,8,8,978.4000000000001,138.79,4.625,0.0,0.1418540474243663
1446,1,1,978.0,47.24,5.0,0.0,0.04830265848670757
1447,1,1,975.0,108.96,1.0,1.0,0.11175384615384615
1448,6,7,973.6,360.58,3.5714285714285716,0.14285714285714285,0.37035743631881674
1449,9,17,971.25,329.39,4.411764705882353,0.29411764705882354,0.3391402831402831
1450,20,22,970.8,362.89,3.909090909090909,0.09090909090909091,0.3738051091882983
1451,2,2,969.98,43.86,4.5,0.5,0.04521742716344667
1452,10,10,968.8000000000001,254.09,4.0,0.0,0.2622729149463253
1453,6,7,968.7,247.54000000000002,3.7142857142857144,0.0,0.25553835036647055
1454,3,3,967.0,72.47,3.6666666666666665,0.3333333333333333,0.07494312306101344
1455,1,1,959.99,24.82,5.0,0.0,0.025854435983708162
1456,10,10,952.0,196.94,3.9,0.0,0.20686974789915966
1457,4,4,952.0,216.67,5.0,0.0,0.22759453781512604
1458,11,11,951.7,149.71,4.7272727272727275,0.0,0.15730797520226963
1459,10,10,949.78,390.36,4.9,0.1,0.4110004422076692
1460,8,9,946.49,181.75,4.111111111111111,0.0,0.1920252723219474
1461,2,2,944.98,125.41,5.0,0.0,0.13271180342441108
1462,31,46,941.72,572.53,4.173913043478261,0.043478260869565216,0.6079620269294482
1463,6,7,939.9300000000001,185.57,2.7142857142857144,0.42857142857142855,0.19742959582096536
1464,2,2,938.0,49.02,5.0,0.0,0.05226012793176973
1465,3,7,935.0,137.22,2.7142857142857144,0.14285714285714285,0.14675935828877004
1466,16,16,933.97,215.89,4.5625,0.0,0.2311530348940544
1467,10,10,928.9100000000001,151.79,3.9,0.0,0.16340657329558297
1468,29,32,928.6999999999999,369.2,3.75,0.03125,0.3975449553138796
1469,2,2,928.0,43.28,4.5,0.5,0.04663793103448276
1470,6,12,922.8000000000001,195.46,3.0833333333333335,0.0,0.21181187689640224
1471,17,24,922.5999999999999,312.1,4.0,0.041666666666666664,0.3382831129416866
1472,10,11,921.5,282.47,4.0,0.0,0.30653282691264244
1473,11,11,918.9000000000001,183.09,4.454545454545454,0.0,0.19924910218739797
1474,7,7,918.8,180.05,4.142857142857143,0.14285714285714285,0.19596212451023076
1475,33,37,917.6,612.65,4.54054054054054,0.10810810810810811,0.6676656495204882
1476,7,8,917.0,161.43,3.625,0.0,0.17604143947655398
1477,4,4,916.7,61.73,3.75,0.25,0.06733936947747354
1478,17,21,914.0,321.26,4.45,0.14285714285714285,0.3514879649890591
1479,1,1,910.0,17.82,5.0,0.0,0.019582417582417584
1480,12,12,909.58,233.66,4.416666666666667,0.16666666666666666,0.25688779436663073
1481,7,7,909.3000000000001,105.64999999999999,4.714285714285714,0.0,0.11618827669635982
1482,10,21,909.0,536.65,2.3333333333333335,0.3333333333333333,0.5903740374037404
1483,2,2,908.99,28.72,4.5,0.0,0.031595507101288244
1484,9,10,908.3000000000001,210.07,3.9,0.0,0.23127821204447868
1485,14,23,907.77,370.98,4.391304347826087,0.043478260869565216,0.4086718001255825
1486,8,20,904.12,300.79,2.8,0.0,0.3326881387426448
1487,9,12,901.83,163.66,4.833333333333333,0.0,0.18147544437421687
1488,1,1,899.9,28.8,5.0,0.0,0.032003555950661185
1489,1,1,899.0,50.62,5.0,0.0,0.056307007786429365
1490,4,4,898.71,98.13,4.75,0.0,0.10918983876890208
1491,3,4,896.0,49.43,3.75,0.0,0.055167410714285714
1492,8,9,891.0,126.17,3.5555555555555554,0.1111111111111111,0.14160493827160495
1493,10,10,889.0,255.82999999999998,4.1,0.2,0.28777277840269966
1494,4,4,886.0,94.45,4.25,0.0,0.10660270880361174
1495,12,12,885.0,264.78,3.8333333333333335,0.0,0.29918644067796607
1496,10,15,884.3,206.53,4.866666666666666,0.0,0.23355196200384487
1497,10,10,882.7,172.96,3.9,0.0,0.19594426192364336
1498,7,7,879.3000000000001,148.07,4.428571428571429,0.0,0.16839531445467984
1499,8,10,878.9,184.69,3.7,0.0,0.21013767209011264
1500,9,9,877.45,126.55,4.777777777777778,0.0,0.14422474215054987
1501,11,12,876.5,194.81,4.25,0.08333333333333333,0.22225898459783228
1502,7,13,875.1,209.82,4.538461538461538,0.0,0.2397668837847103
1503,10,10,874.0,140.62,4.8,0.0,0.16089244851258583
1504,5,5,872.99,99.66,4.4,0.0,0.11415938326899505
1505,10,12,871.8,249.22,4.416666666666667,0.0,0.28586831842165633
1506,29,29,870.3,342.73,4.310344827586207,0.0,0.3938067333103528
1507,3,3,866.0,132.41,2.6666666666666665,0.0,0.1528983833718245
1508,13,14,865.8599999999999,326.7,3.1538461538461537,0.0,0.37731272954057243
1509,1,1,865.0,20.8,,0.0,0.024046242774566476
1510,7,10,863.42,172.28,3.2,0.2,0.19953209330337496
1511,6,6,863.0,178.04000000000002,3.6666666666666665,0.3333333333333333,0.20630359212050986
1512,15,21,862.9,374.16,4.714285714285714,0.0,0.4336076022714104
1513,32,51,861.9,798.38,3.843137254901961,0.09803921568627451,0.9263023552616313
1514,26,30,860.8199999999999,367.79999999999995,3.933333333333333,0.06666666666666667,0.42726702446504494
1515,11,11,859.3000000000001,277.22,4.0,0.09090909090909091,0.3226114279064355
1516,3,3,858.0,72.17,3.6666666666666665,0.0,0.08411421911421911
1517,9,9,855.91,176.48,4.333333333333333,0.1111111111111111,0.20618990314402214
1518,2,2,850.92,107.86,1.0,0.0,0.12675692191980445
1519,5,5,849.8,153.1,4.0,0.2,0.18016003765591904
1520,3,3,849.6999999999999,61.129999999999995,3.6666666666666665,0.3333333333333333,0.07194303871954807
1521,5,5,849.5,239.54,4.8,0.0,0.28197763390229547
1522,1,5,849.5,230.25,1.0,0.0,0.27104178928781636
1523,3,4,848.99,236.19,2.0,0.0,0.278201156668512
1524,17,20,848.3,440.27,4.35,0.1,0.5190027113049629
1525,8,8,847.78,143.1,4.625,0.0,0.16879379084196372
1526,39,48,847.35,686.6,4.404255319148936,0.041666666666666664,0.810290906945182
1527,4,5,845.89,96.84,2.6,0.0,0.11448297059901406
1528,7,7,843.1,92.09,4.142857142857143,0.14285714285714285,0.10922784960265686
1529,8,25,842.6999999999999,276.92,4.6,0.0,0.3286104188916578
1530,5,11,842.0,186.99,2.727272727272727,0.0,0.22207838479809977
1531,8,8,841.2,107.33,3.875,0.0,0.12759153590109368
1532,1,6,839.4000000000001,81.84,5.0,0.0,0.09749821300929234
1533,12,16,839.3,221.98,3.75,0.4375,0.2644823066841415
1534,5,5,838.9,214.35,3.4,0.0,0.25551317201096674
1535,14,18,838.2,317.06,4.722222222222222,0.0,0.37826294440467667
1536,6,6,838.1,93.47,4.333333333333333,0.16666666666666666,0.1115260708745973
1537,8,11,836.1500000000001,216.86,4.545454545454546,0.0,0.25935537881958975
1538,28,28,835.0,350.42,4.0,0.21428571428571427,0.4196646706586827
1539,8,8,834.97,141.76,5.0,0.0,0.16977855491814076
1540,9,9,834.4000000000001,215.17,4.888888888888889,0.0,0.25787392138063275
1541,4,6,834.0,266.57,4.333333333333333,0.0,0.3196282973621103
1542,1,3,832.4100000000001,73.44,5.0,0.0,0.08822575413558222
1543,16,16,827.4300000000001,292.1,3.65625,0.0,0.35302079934254255
1544,17,19,826.99,252.91,4.473684210526316,0.05263157894736842,0.3058199010870748
1545,5,5,825.0,101.72,5.0,0.0,0.1232969696969697
1546,5,6,823.2,169.95,3.0,0.0,0.20645043731778423
1547,16,16,822.58,353.17,4.625,0.0,0.4293442583092222
1548,23,26,821.48,377.29999999999995,4.615384615384615,0.038461538461538464,0.4592929833958221
1549,6,6,820.0,76.93,4.666666666666667,0.16666666666666666,0.09381707317073172
1550,4,11,815.62,172.48,2.8181818181818183,0.0,0.21147102817488536
1551,11,11,815.1,200.82999999999998,4.545454545454546,0.0,0.24638694638694636
1552,9,9,813.9000000000001,307.93,3.625,0.1111111111111111,0.3783388622680919
1553,4,4,813.0,92.55000000000001,4.75,0.0,0.11383763837638378
1554,9,9,810.95,99.93,4.444444444444445,0.1111111111111111,0.12322584622973057
1555,1,1,810.0,70.75,5.0,0.0,0.08734567901234568
1556,1,3,809.6999999999999,287.61,1.0,0.0,0.3552056317154502
1557,7,7,809.5,204.09,4.571428571428571,0.0,0.252118591723286
1558,6,6,809.0,114.05,4.333333333333333,0.16666666666666666,0.14097651421508034
1559,15,15,806.8000000000001,152.55,4.266666666666667,0.0,0.18908031730292513
1560,13,14,803.87,233.87,4.6923076923076925,0.07142857142857142,0.2909301255178076
1561,5,6,802.9,131.03,4.833333333333333,0.0,0.16319591480881804
1562,5,5,802.89,124.94,3.6,0.0,0.15561284858448854
1563,8,8,801.89,111.82,4.25,0.125,0.13944555986481935
1564,5,5,799.5,82.57,3.8,0.2,0.10327704815509693
1565,5,5,799.5,91.44,4.4,0.0,0.11437148217636023
1566,7,8,798.3,123.5,3.375,0.125,0.1547037454591006
1567,2,2,798.0,143.07,1.0,0.0,0.17928571428571427
1568,6,6,798.0,265.97,3.5,0.16666666666666666,0.333295739348371
1569,6,7,796.4,98.61999999999999,4.714285714285714,0.0,0.12383224510296333
1570,14,15,794.3,281.18,4.0,0.06666666666666667,0.3539972302656427
1571,16,17,793.9,253.25,4.235294117647059,0.17647058823529413,0.31899483562161485
1572,3,4,792.64,99.39,4.0,0.0,0.1253910981025434
1573,3,3,792.0,66.85,4.0,0.3333333333333333,0.08440656565656565
1574,8,9,791.0,137.04,3.75,0.0,0.1732490518331226
1575,23,24,790.7,387.43,4.166666666666667,0.125,0.48998355887188566
1576,1,1,789.89,132.95,4.0,0.0,0.16831457544721415
1577,2,2,789.8,43.35,4.5,0.0,0.05488731324385921
1578,8,8,788.9,182.53,3.75,0.125,0.23137279756623147
1579,3,3,788.89,42.370000000000005,3.6666666666666665,0.0,0.05370837505862668
1580,7,8,788.3100000000001,119.86,4.0,0.375,0.15204678362573099
1581,8,9,787.86,169.4,3.5555555555555554,0.1111111111111111,0.21501281953646587
1582,4,5,787.7,54.78,4.8,0.0,0.06954424273200457
1583,9,9,785.97,220.69,3.7777777777777777,0.1111111111111111,0.2807867984783134
1584,13,14,785.6,273.08,4.928571428571429,0.0,0.3476069246435845
1585,2,2,784.9,33.43,3.0,0.0,0.04259141291884316
1586,3,3,784.0,43.97,3.3333333333333335,0.0,0.05608418367346939
1587,4,4,783.96,100.35000000000001,4.0,0.0,0.1280039797948875
1588,17,17,783.29,215.32,4.823529411764706,0.0,0.2748918025252461
1589,9,9,783.2,109.33999999999999,4.555555555555555,0.0,0.13960674157303368
1590,7,8,783.1,148.12,4.125,0.0,0.18914570297535435
1591,20,23,782.0,189.92,4.956521739130435,0.0,0.24286445012787722
1592,2,2,781.9,49.11,5.0,0.0,0.06280854329198107
1593,7,7,780.8000000000001,88.93,4.142857142857143,0.0,0.11389600409836065
1594,2,2,780.0,90.21000000000001,5.0,0.0,0.11565384615384616
1595,11,11,779.8900000000001,229.08,3.8181818181818183,0.09090909090909091,0.2937337316801087
1596,1,2,779.8,55.14,4.0,1.0,0.07071043857399334
1597,4,5,779.7,141.79,3.4,0.4,0.18185199435680388
1598,14,14,778.9,153.77,4.642857142857143,0.14285714285714285,0.1974194376685069
1599,16,16,776.56,387.82,4.5625,0.0,0.49940764396827036
1600,4,4,776.0,272.61,4.0,0.25,0.3513015463917526
1601,8,8,776.0,120.83,2.5,0.125,0.15570876288659793
1602,9,10,775.76,198.54,4.7,0.0,0.2559296689697845
1603,19,22,772.16,338.88,4.2272727272727275,0.045454545454545456,0.4388727724823871
1604,5,5,769.0,138.55,3.0,0.0,0.18016905071521458
1605,10,11,768.9000000000001,254.48000000000002,4.818181818181818,0.0,0.33096631551567174
1606,2,3,768.0,78.62,2.6666666666666665,0.0,0.10236979166666667
1607,13,13,766.9200000000001,199.32999999999998,4.538461538461538,0.15384615384615385,0.2599097689459135
1608,7,7,766.08,288.7,4.428571428571429,0.14285714285714285,0.3768535923141186
1609,11,11,765.19,219.85,4.363636363636363,0.0,0.2873142618173264
1610,1,15,765.0,18.0,5.0,0.0,0.023529411764705882
1611,7,8,764.17,122.2,2.75,0.375,0.15991206145229467
1612,3,3,763.1,57.17,5.0,0.0,0.07491809723496265
1613,11,11,761.0,223.21,3.8181818181818183,0.18181818181818182,0.293311432325887
1614,3,4,760.9200000000001,65.06,4.25,0.25,0.08550176102612626
1615,6,10,760.0,213.71,4.8,0.0,0.28119736842105264
1616,4,4,759.9,73.87,3.5,0.0,0.09721015923147784
1617,4,4,759.0,149.64,4.5,0.0,0.19715415019762844
1618,2,2,756.76,105.61,2.5,0.0,0.1395554733336857
1619,3,4,756.0,33.54,4.75,0.0,0.044365079365079364
1620,9,10,756.0,132.05,2.7,0.4,0.1746693121693122
1621,4,4,750.49,90.84,4.5,0.0,0.12104091993231089
1622,1,1,750.0,17.69,1.0,0.0,0.02358666666666667
1623,4,4,749.6,94.33,4.75,0.0,0.12584044823906082
1624,15,15,749.3499999999999,213.71,3.5,0.06666666666666667,0.2851938346567025
1625,1,1,749.0,133.87,5.0,0.0,0.17873164218958612
1626,3,3,747.0,65.8,2.3333333333333335,0.3333333333333333,0.08808567603748327
1627,13,16,746.6,223.0,3.125,0.0,0.2986873828020359
1628,14,14,745.0,226.01,4.0,0.07142857142857142,0.3033691275167785
1629,6,7,744.35,130.16,3.7142857142857144,0.14285714285714285,0.174863975280446
1630,8,14,743.0,222.99,4.714285714285714,0.14285714285714285,0.300121130551817
1631,13,13,740.59,191.77,4.461538461538462,0.07692307692307693,0.2589421947366289
1632,6,6,740.4,99.93,3.8333333333333335,0.3333333333333333,0.13496758508914103
1633,1,1,739.98,44.82,5.0,0.0,0.06056920457309657
1634,7,7,739.9300000000001,98.37,3.5714285714285716,0.2857142857142857,0.13294500831159703
1635,6,6,739.85,206.41,3.1666666666666665,0.3333333333333333,0.2789889842535649
1636,5,5,739.77,92.44999999999999,4.2,0.0,0.12497127485569838
1637,4,6,739.52,105.87,4.5,0.0,0.14316042838598012
1638,2,2,739.0,46.75,5.0,0.0,0.06326116373477672
1639,4,5,737.6999999999999,100.13000000000001,5.0,0.0,0.13573268266232888
1640,2,2,734.99,42.14,3.0,0.0,0.057334113389297815
1641,2,2,734.8,57.15,3.0,0.0,0.07777626565051715
1642,22,42,734.8,487.93,4.243243243243243,0.023809523809523808,0.6640310288513882
1643,8,14,732.49,147.47,4.666666666666667,0.0,0.20132698057311363
1644,21,21,731.1,283.82,4.428571428571429,0.047619047619047616,0.3882095472575571
1645,15,16,730.67,398.83,4.6875,0.0,0.5458414879494163
1646,1,1,730.0,45.98,3.0,0.0,0.06298630136986301
1647,11,12,729.88,146.93,3.8333333333333335,0.0,0.20130706417493288
1648,9,13,729.0899999999999,145.09,3.6923076923076925,0.3076923076923077,0.19900149501433295
1649,12,13,728.79,255.79,4.769230769230769,0.0,0.35097902001948433
1650,10,13,728.28,131.29,4.769230769230769,0.0,0.18027407041247873
1651,2,3,727.9,41.04,2.3333333333333335,0.0,0.05638137106745432
1652,5,5,727.6,141.84,2.6,0.0,0.19494227597581087
1653,9,9,724.94,182.92000000000002,3.2222222222222223,0.0,0.25232433028940326
1654,9,10,724.72,137.53,3.8,0.1,0.1897698421459322
1655,12,13,723.7,222.73,4.3076923076923075,0.0,0.3077656487494818
1656,11,13,722.5,263.89,3.1538461538461537,0.3076923076923077,0.3652456747404844
1657,2,2,722.4,37.19,2.5,0.0,0.05148117386489479
1658,8,9,722.2,194.03,4.666666666666667,0.0,0.26866518969814457
1659,10,11,722.1,178.44,4.363636363636363,0.09090909090909091,0.24711258828417115
1660,3,3,722.0,102.17999999999999,4.0,0.0,0.14152354570637118
1661,5,5,721.89,80.72,4.0,0.2,0.11181758993752511
1662,6,6,719.59,143.37,3.8333333333333335,0.0,0.19923845523145123
1663,9,9,719.1,169.9,4.333333333333333,0.1111111111111111,0.2362675566680573
1664,5,9,716.9,210.15,4.777777777777778,0.0,0.29313711814757987
1665,3,3,709.0,73.23,4.666666666666667,0.0,0.10328631875881523
1666,2,8,706.4000000000001,212.0,4.75,0.0,0.3001132502831257
1667,21,24,703.5999999999999,472.28999999999996,3.6666666666666665,0.0,0.671247868106879
1668,31,34,701.54,504.23,4.676470588235294,0.029411764705882353,0.7187473273084928
1669,7,14,700.59,209.03,4.214285714285714,0.0,0.298362808489987
1670,2,2,700.0,40.97,4.5,0.0,0.05852857142857143
1671,2,2,699.98,34.769999999999996,4.0,0.0,0.049672847795651294
1672,1,1,699.42,15.92,1.0,1.0,0.0227617168511052
1673,10,10,696.6,204.54,4.6,0.0,0.29362618432385873
1674,10,12,696.32,175.56,3.3333333333333335,0.16666666666666666,0.25212545955882354
1675,4,8,696.26,124.31,2.75,0.5,0.17853962600178094
1676,4,4,696.0,69.22,2.3333333333333335,0.5,0.09945402298850574
1677,5,6,696.0,104.64,4.166666666666667,0.0,0.1503448275862069
1678,2,2,694.77,127.63,1.0,0.0,0.1837010809332585
1679,8,8,692.41,105.57,4.375,0.0,0.15246746869629266
1680,5,5,685.9300000000001,93.73,4.8,0.2,0.13664659659148892
1681,10,11,684.71,279.37,4.636363636363637,0.09090909090909091,0.4080121511296753
1682,3,3,684.0,56.5,3.6666666666666665,0.0,0.08260233918128655
1683,5,5,683.08,78.21000000000001,4.8,0.0,0.11449610587339697
1684,6,7,678.0,183.46,3.857142857142857,0.0,0.27058997050147493
1685,3,3,678.0,66.81,5.0,0.0,0.09853982300884956
1686,10,11,677.16,177.1,4.7272727272727275,0.0,0.26153346328784927
1687,2,2,677.0,34.25,4.5,0.0,0.050590841949778434
1688,5,8,674.0,275.73,2.625,0.125,0.4090949554896143
1689,8,8,674.0,194.64,4.0625,0.125,0.2887833827893175
1690,9,9,672.7,135.32999999999998,3.888888888888889,0.0,0.2011743719339973
1691,7,7,672.0,165.13,4.571428571428571,0.0,0.24572916666666667
1692,7,7,671.5,115.75999999999999,4.571428571428571,0.14285714285714285,0.17239017125837675
1693,12,12,667.9,137.75,4.583333333333333,0.08333333333333333,0.20624344961820631
1694,6,7,666.9,117.18,4.714285714285714,0.0,0.1757085020242915
1695,11,11,666.0,194.94,3.6363636363636362,0.09090909090909091,0.2927027027027027
1696,10,11,665.98,170.85,4.454545454545454,0.0,0.2565392354124748
1697,6,6,664.4000000000001,161.82999999999998,4.0,0.0,0.24357314870559899
1698,6,12,663.15,188.82999999999998,3.5,0.0,0.2847470406393727
1699,18,23,660.79,268.75,3.9565217391304346,0.0,0.4067101499720032
1700,8,12,660.0,242.23,4.583333333333333,0.0,0.3670151515151515
1701,2,2,658.0,99.75,2.0,0.0,0.15159574468085107
1702,10,11,657.0699999999999,120.0,3.727272727272727,0.0,0.18262894364375182
1703,4,4,656.77,113.35,4.0,0.0,0.17258705482893555
1704,7,8,655.0,122.22999999999999,3.875,0.0,0.18661068702290073
1705,6,6,651.8,220.49999999999997,4.166666666666667,0.0,0.3382939552009819
1706,12,12,651.04,229.19,4.166666666666667,0.08333333333333333,0.35203674121405754
1707,1,1,650.0,64.91,2.0,0.0,0.09986153846153846
1708,4,5,649.95,187.15,2.8,0.0,0.2879452265558889
1709,10,12,649.76,230.92000000000002,4.333333333333333,0.0,0.35539276040384143
1710,11,11,649.53,188.14,4.090909090909091,0.09090909090909091,0.28965559712407435
1711,5,7,649.3000000000001,114.03,3.4285714285714284,0.14285714285714285,0.17561989835207145
1712,7,7,649.3,123.53,3.857142857142857,0.0,0.19025103958108733
1713,9,9,648.1,98.12,3.5555555555555554,0.4444444444444444,0.15139638944607314
1714,2,2,648.0,47.03,4.0,0.0,0.07257716049382716
1715,4,5,647.3,113.35,3.8,0.0,0.17511200370770894
1716,10,10,647.0,134.12,3.0,0.2,0.2072952086553323
1717,7,13,645.2,175.95,4.769230769230769,0.15384615384615385,0.27270613763174206
1718,10,11,645.0,184.75,3.8181818181818183,0.0,0.2864341085271318
1719,4,10,645.0,150.98000000000002,2.5,0.6,0.234077519379845
1720,7,7,644.98,124.4,3.5714285714285716,0.2857142857142857,0.19287419764953953
1721,1,1,640.0,58.9,2.0,0.0,0.09203125
1722,12,13,637.7,188.5,3.8461538461538463,0.07692307692307693,0.29559353928179394
1723,7,16,637.67,222.13,3.75,0.0625,0.3483463233333856
1724,8,8,634.2,144.43,4.625,0.0,0.22773573005361084
1725,5,7,633.93,82.61,4.285714285714286,0.0,0.13031407253166755
1726,15,15,629.85,216.23,3.7333333333333334,0.2,0.3433039612606176
1727,9,9,629.1,145.06,4.222222222222222,0.0,0.23058337307264345
1728,3,3,627.0,166.34,3.6666666666666665,0.3333333333333333,0.26529505582137164
1729,2,2,627.0,43.98,2.0,1.0,0.07014354066985645
1730,6,11,626.9,124.86,5.0,0.0,0.19917052161429255
1731,6,19,623.7,406.48,3.0,0.0,0.6517235850569184
1732,12,13,623.15,226.87,4.0,0.0,0.3640696461526117
1733,7,7,622.0,123.92,4.428571428571429,0.0,0.1992282958199357
1734,2,2,621.06,38.66,5.0,0.0,0.06224841400186777
1735,21,21,614.3199999999999,240.14000000000001,4.666666666666667,0.09523809523809523,0.39090376351087386
1736,11,12,614.0,212.60000000000002,3.0833333333333335,0.3333333333333333,0.34625407166123784
1737,12,12,612.8,177.12,4.5,0.08333333333333333,0.28903394255874676
1738,4,8,609.37,89.69000000000001,4.375,0.0,0.1471847974137224
1739,3,3,608.6,141.93,3.3333333333333335,0.3333333333333333,0.2332073611567532
1740,10,15,607.5,393.82,2.6,0.06666666666666667,0.6482633744855967
1741,12,12,604.9,186.39000000000001,4.5,0.0,0.30813357579765255
1742,5,7,604.8,140.77,4.142857142857143,0.0,0.23275462962962967
1743,10,11,600.5,113.91,4.818181818181818,0.09090909090909091,0.18969192339716903
1744,2,2,600.0,86.24000000000001,3.0,0.0,0.14373333333333335
1745,3,3,599.97,46.0,3.0,0.0,0.07667050019167625
1746,2,2,599.8,213.48000000000002,4.0,0.5,0.35591863954651554
1747,1,2,599.8,56.36,1.0,0.0,0.09396465488496165
1748,4,4,599.6,88.35,4.75,0.0,0.14734823215476983
1749,1,1,599.5,75.33,5.0,0.0,0.12565471226021685
1750,4,10,599.0,150.0,4.3,0.0,0.25041736227045075
1751,9,10,599.0,179.27,4.8,0.0,0.29928213689482475
1752,8,9,598.4,366.59,4.222222222222222,0.0,0.6126169786096256
1753,17,26,598.1999999999999,315.67,4.615384615384615,0.0,0.5276997659645605
1754,7,13,596.55,248.79000000000002,1.6923076923076923,0.3076923076923077,0.4170480261503647
1755,2,2,596.26,57.49,1.5,0.5,0.09641767014389696
1756,7,12,596.14,206.91,3.3333333333333335,0.4166666666666667,0.34708289998993525
1757,2,2,594.98,142.16,3.0,0.0,0.23893240108911223
1758,2,2,594.0,263.7,5.0,0.0,0.4439393939393939
1759,7,8,591.92,119.4,2.2857142857142856,0.25,0.20171644816867146
1760,8,11,589.4499999999999,160.82999999999998,4.090909090909091,0.09090909090909091,0.2728475697684282
1761,17,17,587.46,180.24,4.647058823529412,0.17647058823529413,0.30681237871514655
1762,7,8,586.57,109.13,4.25,0.25,0.1860477010416489
1763,7,7,585.9,148.67000000000002,4.285714285714286,0.0,0.25374637310121184
1764,4,4,585.56,79.9,4.5,0.0,0.13645057722522033
1765,10,10,585.3,251.82999999999998,4.2,0.2,0.430257987356911
1766,8,10,585.0,100.35,4.5,0.0,0.17153846153846153
1767,5,5,579.5,94.83,3.8,0.2,0.16364106988783433
1768,3,8,578.1999999999999,155.52,2.75,0.0,0.2689726738152889
1769,1,2,578.0,31.5,1.0,1.0,0.054498269896193774
1770,9,12,577.5,178.5,4.083333333333333,0.0,0.3090909090909091
1771,10,11,575.79,246.2,3.8181818181818183,0.0,0.42758644644748955
1772,15,17,573.5,242.71,3.176470588235294,0.058823529411764705,0.4232083696599826
1773,10,11,573.1,198.51,4.181818181818182,0.0,0.34637934042924445
1774,1,3,570.0,60.06,1.0,0.0,0.10536842105263158
1775,3,6,570.0,85.96,1.6666666666666667,0.0,0.15080701754385964
1776,3,3,569.9,79.65,4.666666666666667,0.0,0.13976136164239342
1777,7,7,569.7,132.36,4.428571428571429,0.0,0.2323328067403897
1778,6,7,569.4,240.02,4.142857142857143,0.14285714285714285,0.4215314365999298
1779,1,1,569.0,56.33,4.0,0.0,0.0989982425307557
1780,4,5,568.78,93.03,4.2,0.2,0.16356060339674391
1781,6,6,568.2,131.54,4.166666666666667,0.0,0.23150299190425902
1782,12,13,567.79,177.01,4.3076923076923075,0.07692307692307693,0.31175258458232796
1783,7,11,566.0,221.75,2.909090909090909,0.0,0.3917844522968198
1784,13,13,560.6999999999999,163.76999999999998,4.3076923076923075,0.0,0.2920813269127876
1785,2,2,560.0,166.14999999999998,4.5,0.0,0.2966964285714285
1786,3,3,560.0,68.59,5.0,0.0,0.12248214285714286
1787,2,2,560.0,107.83,1.5,0.0,0.19255357142857144
1788,1,1,559.0,18.0,4.0,0.0,0.03220035778175313
1789,2,2,558.9,47.55,4.5,0.0,0.08507783145464305
1790,3,3,557.0,119.01,3.6666666666666665,0.0,0.2136624775583483
1791,11,11,555.71,223.43,2.6363636363636362,0.0,0.40206222670097713
1792,2,3,553.7,176.34,5.0,0.3333333333333333,0.31847570886761783
1793,6,7,550.04,87.87,5.0,0.0,0.159752018035052
1794,2,3,550.0,61.55,2.3333333333333335,0.3333333333333333,0.1119090909090909
1795,5,6,549.4,94.62,4.833333333333333,0.0,0.17222424463050603
1796,1,1,548.06,48.71,4.0,0.0,0.08887713024121448
1797,22,24,547.3,385.61,4.5,0.041666666666666664,0.7045678786771424
1798,9,9,546.75,205.76,3.7777777777777777,0.0,0.3763328760859625
1799,6,7,544.97,172.07,5.0,0.0,0.31574215094408864
1800,6,6,543.54,150.47,3.6666666666666665,0.16666666666666666,0.27683335173124335
1801,1,2,539.98,31.24,5.0,0.0,0.05785399459239231
1802,5,5,539.7,229.74,5.0,0.0,0.42568093385214006
1803,4,5,538.8,89.92,5.0,0.0,0.16688938381588717
1804,2,2,538.0,30.36,1.0,0.0,0.05643122676579926
1805,1,1,538.0,67.57,5.0,0.0,0.12559479553903344
1806,2,2,537.9,32.44,5.0,0.0,0.06030860754787135
1807,1,2,537.76,100.82,4.0,0.0,0.18748140434394525
1808,10,10,532.14,173.42000000000002,4.0,0.0,0.3258916826399068
1809,3,3,531.8,100.88,5.0,0.0,0.18969537420082738
1810,3,3,529.7,166.0,2.6666666666666665,0.0,0.31338493486879365
1811,7,7,528.4,118.22,4.5,0.14285714285714285,0.22373202119606359
1812,4,4,528.38,131.19,3.5,0.0,0.24828721753283622
1813,6,6,527.67,149.46,4.333333333333333,0.0,0.2832452100744784
1814,3,4,525.0,46.88,5.0,0.0,0.0892952380952381
1815,8,10,523.3,157.71,4.1,0.1,0.30137588381425573
1816,4,4,522.65,225.99,4.75,0.0,0.43239261456041334
1817,5,6,522.0,76.08,4.833333333333333,0.0,0.14574712643678162
1818,1,1,520.0,37.72,4.0,0.0,0.07253846153846154
1819,5,5,519.99,86.97,3.6,0.0,0.16725321640800783
1820,9,9,519.2,118.93,4.777777777777778,0.1111111111111111,0.22906394453004622
1821,6,7,519.09,111.56,4.714285714285714,0.0,0.21491456202200002
1822,11,13,518.9599999999999,228.63,3.8461538461538463,0.07692307692307693,0.4405541852936643
1823,11,11,518.9,150.28,4.2727272727272725,0.0,0.2896126421275776
1824,2,3,518.0,36.45,3.6666666666666665,0.0,0.07036679536679537
1825,1,1,517.8,27.71,5.0,0.0,0.053514870606411746
1826,4,4,517.8,62.09,4.5,0.0,0.11991116261104676
1827,9,11,517.67,137.23,3.6363636363636362,0.09090909090909091,0.26509166071049123
1828,2,2,517.6,46.54,5.0,0.0,0.08991499227202472
1829,12,17,516.04,204.49,4.235294117647059,0.058823529411764705,0.39626773118362923
1830,9,9,515.4,122.35,3.4444444444444446,0.3333333333333333,0.2373884361660846
1831,8,8,514.5,92.42999999999999,4.75,0.0,0.17965014577259475
1832,7,10,514.27,208.7,4.5,0.0,0.40581795554864175
1833,2,2,513.9000000000001,32.65,1.0,0.0,0.06353376143218524
1834,4,4,512.0,100.39,4.0,0.0,0.19607421875
1835,15,15,511.94000000000005,224.26,4.2,0.0,0.4380591475563542
1836,3,4,510.9,59.93,5.0,0.0,0.1173027989821883
1837,6,6,510.0,130.36,4.666666666666667,0.0,0.25560784313725493
1838,5,5,509.5,186.09,3.2,0.0,0.36524043179587834
1839,6,18,509.0,234.67,2.2222222222222223,0.0,0.461041257367387
1840,11,12,508.8,182.29,4.181818181818182,0.08333333333333333,0.35827437106918236
1841,5,5,507.75,86.83,3.4,0.0,0.17100935499753817
1842,5,6,507.40000000000003,108.17,4.833333333333333,0.0,0.2131848640126133
1843,3,3,507.0,52.769999999999996,4.666666666666667,0.3333333333333333,0.10408284023668639
1844,7,7,505.0,144.97,4.857142857142857,0.0,0.28706930693069305
1845,13,13,504.5,139.05,4.461538461538462,0.0,0.27561942517343907
1846,4,4,504.38,70.69,4.75,0.0,0.1401522661485388
1847,3,6,501.20000000000005,95.39,5.0,0.0,0.19032322426177173
1848,3,8,501.07,232.59,5.0,0.0,0.4641866405891393
1849,4,4,499.6,69.66,3.75,0.0,0.13943154523618895
1850,5,5,499.5,99.37,4.8,0.0,0.19893893893893894
1851,8,9,498.61,154.68,4.444444444444445,0.0,0.3102224183229378
1852,1,1,495.0,101.56,4.0,0.0,0.20517171717171717
1853,1,1,495.0,51.55,5.0,0.0,0.10414141414141413
1854,3,5,495.0,86.76,2.2,0.0,0.17527272727272727
1855,4,9,494.91,196.79,3.111111111111111,0.0,0.3976278515285607
1856,3,3,494.55,53.72,4.666666666666667,0.0,0.10862400161763218
1857,2,2,493.0,72.9,2.5,0.0,0.14787018255578094
1858,7,7,492.3,88.02,4.857142857142857,0.0,0.17879341864716636
1859,15,16,491.94,211.0,3.875,0.0,0.4289140952148636
1860,3,3,490.0,82.17,5.0,0.0,0.16769387755102041
1861,7,7,489.92999999999995,101.9,2.0,0.0,0.20798889637295126
1862,1,1,489.0,22.76,4.0,0.0,0.0465439672801636
1863,2,3,488.8,71.15,1.0,0.0,0.14556055646481178
1864,3,3,488.8,52.26,3.3333333333333335,0.0,0.10691489361702126
1865,6,6,487.5,103.05,3.4,0.5,0.21138461538461537
1866,5,5,487.5,72.86,5.0,0.0,0.14945641025641027
1867,3,3,487.0,42.47,5.0,0.0,0.08720739219712526
1868,9,9,486.91,137.57,4.222222222222222,0.0,0.2825368137848884
1869,9,13,484.5,170.82,1.9230769230769231,0.15384615384615385,0.35256965944272445
1870,8,9,483.08,174.72,4.222222222222222,0.0,0.36167922497308935
1871,2,2,479.8,32.75,5.0,0.0,0.06825760733639016
1872,2,4,479.6,76.96,4.5,0.25,0.1604670558798999
1873,5,5,479.5,87.61,5.0,0.0,0.182711157455683
1874,8,8,479.2,138.68,4.375,0.0,0.28939899833055094
1875,1,3,477.0,82.23,4.0,0.0,0.17238993710691825
1876,2,2,475.8,82.27,4.5,0.0,0.17290878520386715
1877,4,4,475.6,83.32,4.75,0.0,0.17518923465096717
1878,14,14,475.59999999999997,237.93,4.428571428571429,0.0,0.500273338940286
1879,9,10,472.46000000000004,126.67,4.5,0.3,0.26810735300342886
1880,7,8,471.05,126.57,3.375,0.25,0.26869759048933234
1881,14,15,470.0,161.32,4.666666666666667,0.26666666666666666,0.34323404255319145
1882,3,5,468.46,80.15,3.8,0.6,0.17109251590317212
1883,2,2,467.0,90.85,3.5,0.5,0.19453961456102783
1884,7,11,466.99,161.64000000000001,4.0,0.45454545454545453,0.34613160881389327
1885,6,7,466.6,104.7,4.571428571428571,0.0,0.2243891984569224
1886,1,1,466.0,64.17,5.0,0.0,0.1377038626609442
1887,8,8,465.6,124.84,3.125,0.25,0.268127147766323
1888,2,3,464.97,53.73,4.333333333333333,0.0,0.11555584231240724
1889,7,7,464.0,128.73,4.0,0.0,0.2774353448275862
1890,2,4,463.96,499.04,1.0,0.0,1.0756099663764118
1891,2,2,462.0,22.799999999999997,5.0,0.0,0.049350649350649346
1892,2,2,460.0,47.43,4.5,0.0,0.10310869565217391
1893,1,1,459.0,17.51,5.0,0.0,0.03814814814814815
1894,1,1,458.0,29.38,5.0,0.0,0.06414847161572053
1895,6,9,458.0,185.32,4.777777777777778,0.0,0.4046288209606987
1896,4,4,457.69,62.14,2.5,0.0,0.13576875177521905
1897,9,11,457.0,352.41,3.6363636363636362,0.0,0.7711378555798688
1898,2,2,456.0,28.34,4.5,0.0,0.062149122807017544
1899,6,6,454.6,118.74000000000001,4.0,0.3333333333333333,0.26119665640123185
1900,5,5,454.6,81.47999999999999,4.6,0.0,0.17923449186097665
1901,7,9,454.5,153.85,3.7777777777777777,0.2222222222222222,0.3385038503850385
1902,7,7,453.95,134.88,4.714285714285714,0.0,0.2971252340566142
1903,1,1,453.7,17.35,5.0,0.0,0.03824112849900816
1904,5,7,453.0,144.34,5.0,0.0,0.31863134657836645
1905,3,3,452.88,80.98,4.0,0.0,0.17881116410528175
1906,6,6,452.5,75.83,4.333333333333333,0.0,0.16758011049723756
1907,19,21,452.2,275.13,3.857142857142857,0.047619047619047616,0.6084254754533392
1908,3,3,452.0,70.83,4.666666666666667,0.0,0.15670353982300886
1909,14,14,451.1,253.32,4.071428571428571,0.07142857142857142,0.5615606295721569
1910,6,6,450.58000000000004,67.03999999999999,3.3333333333333335,0.16666666666666666,0.14878600914377021
1911,3,3,450.0,66.91,4.666666666666667,0.0,0.14868888888888887
1912,2,2,450.0,71.67,3.0,0.0,0.15926666666666667
1913,5,6,450.0,74.0,4.833333333333333,0.0,0.16444444444444445
1914,12,16,449.7,202.07,4.8125,0.125,0.44934400711585504
1915,2,2,448.9,28.080000000000002,5.0,0.5,0.06255290710625976
1916,9,11,447.8,174.57999999999998,4.7272727272727275,0.0,0.38986154533273776
1917,1,1,445.9,21.71,5.0,0.0,0.048688046647230324
1918,4,5,445.0,96.27000000000001,4.8,0.0,0.21633707865168542
1919,5,5,443.06,81.44,3.4,0.0,0.18381257617478444
1920,12,12,441.8,210.29,4.166666666666667,0.0,0.47598460842009954
1921,8,8,439.94,134.9,4.0,0.25,0.30663272264399694
1922,1,1,439.0,43.6,5.0,0.0,0.09931662870159454
1923,2,2,437.79999999999995,75.28,5.0,0.0,0.17195066240292373
1924,6,7,435.3,98.58,4.0,0.0,0.2264645072363887
1925,4,4,434.96000000000004,56.24,4.75,0.0,0.12929924590766967
1926,12,13,434.51,247.19,4.6923076923076925,0.0,0.56889369634761
1927,3,3,432.92,87.92,2.6666666666666665,0.0,0.20308602051187286
1928,1,2,430.3,143.44,5.0,0.0,0.3333488264001859
1929,3,3,429.70000000000005,57.739999999999995,1.0,0.0,0.13437281824528738
1930,4,4,425.0,63.25,4.25,0.0,0.14882352941176472
1931,2,2,424.9,29.020000000000003,5.0,0.0,0.06829842315839021
1932,4,4,424.2,57.28,4.75,0.0,0.13503064592173503
1933,11,11,424.0,143.4,4.818181818181818,0.0,0.33820754716981133
1934,5,12,423.8,329.82,4.8,0.0,0.7782444549315715
1935,5,5,423.6,68.31,5.0,0.0,0.16126062322946175
1936,14,14,423.59999999999997,224.15,4.0,0.07142857142857142,0.5291548630783759
1937,5,5,421.9,128.15,4.0,0.0,0.3037449632614364
1938,4,4,421.8,69.53,3.75,0.0,0.1648411569464201
1939,13,17,421.5,340.48,3.6470588235294117,0.0,0.8077817319098458
1940,2,2,420.0,88.63,4.0,0.0,0.2110238095238095
1941,4,5,419.0,62.67,3.8,0.0,0.14957040572792363
1942,3,3,417.9,59.11,3.6666666666666665,0.0,0.1414453218473319
1943,11,14,417.47,203.01999999999998,3.5,0.07142857142857142,0.4863103935612139
1944,17,23,416.18,357.36,4.130434782608695,0.21739130434782608,0.8586669229660243
1945,4,6,415.40000000000003,129.13,2.6,0.0,0.3108570052961001
1946,4,4,414.9,58.56,4.75,0.0,0.14114244396240058
1947,7,7,414.5,172.29000000000002,3.5714285714285716,0.14285714285714285,0.4156574185765984
1948,7,7,414.3,114.86,4.571428571428571,0.0,0.277238715906348
1949,8,9,414.0,141.94,4.888888888888889,0.0,0.3428502415458937
1950,10,11,413.88,161.61,3.727272727272727,0.0,0.39047550014496957
1951,3,3,413.48,65.09,3.6666666666666665,0.3333333333333333,0.15741994776047208
1952,9,9,412.1,116.2,4.5,0.0,0.2819703955350643
1953,4,7,411.5,78.89,4.428571428571429,0.0,0.19171324422843256
1954,7,7,409.75,140.61,4.714285714285714,0.0,0.34316046369737646
1955,4,4,409.6,69.22,4.75,0.5,0.16899414062499998
1956,4,4,409.6,97.53,4.75,0.0,0.2381103515625
1957,3,3,407.81,107.12,5.0,0.0,0.2626713420465413
1958,7,7,407.4,123.98,4.285714285714286,0.14285714285714285,0.3043200785468827
1959,17,20,407.3,252.15,3.75,0.15,0.6190768475325313
1960,7,12,407.0,123.62,4.833333333333333,0.0,0.30373464373464376
1961,3,3,405.0,35.41,4.333333333333333,0.0,0.08743209876543209
1962,18,19,404.46999999999997,395.8,4.315789473684211,0.15789473684210525,0.9785645412515144
1963,3,9,404.09999999999997,143.24,4.555555555555555,0.0,0.35446671615936653
1964,2,3,404.0,37.6,4.666666666666667,0.0,0.09306930693069307
1965,9,10,402.9,150.0,4.5,0.0,0.37230081906180196
1966,5,5,402.6,82.33999999999999,3.8,0.0,0.2045206159960258
1967,5,5,400.0,114.16,4.0,0.0,0.2854
1968,1,1,399.9,16.55,3.0,0.0,0.04138534633658415
1969,10,10,399.82,219.32,3.7,0.1,0.5485468460807363
1970,2,2,399.8,32.32,1.0,0.0,0.08084042021010505
1971,1,1,399.0,45.07,5.0,0.0,0.11295739348370927
1972,17,17,399.0,264.72,3.176470588235294,0.058823529411764705,0.6634586466165414
1973,7,7,398.75,171.62,4.714285714285714,0.0,0.4303949843260188
1974,2,2,398.0,46.99,5.0,0.0,0.11806532663316584
1975,1,2,397.8,283.16,5.0,0.0,0.7118149824032177
1976,2,6,397.79999999999995,159.01,4.166666666666667,0.0,0.39972347913524386
1977,2,2,397.0,39.67,3.5,0.5,0.09992443324937028
1978,3,3,397.0,53.1,3.6666666666666665,0.3333333333333333,0.13375314861460957
1979,8,10,395.5,119.13,4.1,0.0,0.30121365360303415
1980,2,3,394.70000000000005,61.93,5.0,0.0,0.15690397770458575
1981,11,11,393.0,138.88,4.2727272727272725,0.18181818181818182,0.35338422391857505
1982,10,13,392.75,218.27,4.230769230769231,0.0,0.5557479312539784
1983,3,3,392.37,90.47999999999999,4.666666666666667,0.0,0.23059866962305983
1984,10,12,392.33,175.38,4.75,0.25,0.4470216399459639
1985,3,3,391.15,54.379999999999995,4.0,0.0,0.13902594912437682
1986,1,1,390.0,61.28,3.0,1.0,0.15712820512820513
1987,1,1,389.99,22.22,5.0,0.0,0.05697581989281776
1988,7,9,389.84,160.43,5.0,0.0,0.4115278062794993
1989,19,19,389.71999999999997,183.68,4.105263157894737,0.10526315789473684,0.47131273734989226
1990,3,3,389.64,108.71000000000001,4.666666666666667,0.0,0.2790011292475105
1991,1,1,389.0,21.91,5.0,0.0,0.05632390745501285
1992,3,3,388.98,41.730000000000004,4.333333333333333,0.0,0.10728057997840507
1993,8,12,388.89,193.54,3.9166666666666665,0.0,0.49767286379181774
1994,3,3,388.0,65.44,4.666666666666667,0.0,0.168659793814433
1995,3,3,387.0,275.05,2.3333333333333335,0.0,0.7107235142118863
1996,1,1,385.61,68.56,5.0,0.0,0.1777962189777236
1997,3,4,385.0,90.88,3.0,0.0,0.23605194805194804
1998,2,2,385.0,48.72,2.5,0.5,0.12654545454545454
1999,8,8,385.0,109.07000000000001,4.0,0.25,0.2832987012987013
2000,4,4,383.0,52.57,4.75,0.0,0.13725848563968668
2001,3,11,382.9,102.15,5.0,0.0,0.2667798380778271
2002,2,3,381.39,57.459999999999994,2.3333333333333335,0.0,0.1506594299798107
2003,5,5,381.0,90.00999999999999,3.8,0.2,0.23624671916010495
2004,2,2,380.0,45.760000000000005,1.0,0.0,0.12042105263157896
2005,2,2,379.8,50.28,4.5,0.5,0.13238546603475512
2006,19,19,378.8,275.64,4.0,0.05263157894736842,0.7276663146779303
2007,2,2,376.8,37.989999999999995,1.0,0.0,0.10082271762208066
2008,12,12,374.79999999999995,219.32999999999998,4.0,0.16666666666666666,0.5851921024546425
2009,9,9,373.91,117.3,3.5555555555555554,0.1111111111111111,0.31371185579417504
2010,8,12,373.9,177.82999999999998,5.0,0.0,0.475608451457609
2011,1,1,373.0,21.49,2.0,0.0,0.057613941018766754
2012,12,12,372.5,234.29,4.454545454545454,0.0,0.6289664429530201
2013,19,23,371.73,365.47,4.260869565217392,0.08695652173913043,0.9831598202996799
2014,6,6,371.20000000000005,65.78999999999999,3.6666666666666665,0.0,0.17723599137931031
2015,5,8,371.2,258.42,4.625,0.5,0.6961745689655173
2016,4,4,369.81,111.57,3.75,0.25,0.30169546523890645
2017,4,4,369.8,36.61,4.0,0.0,0.09899945916711736
2018,25,32,369.40000000000003,377.11,4.34375,0.0,1.0208716838115863
2019,4,4,368.6,65.02,3.5,0.0,0.17639717851329353
2020,1,1,367.0,53.29,5.0,0.0,0.14520435967302453
2021,15,24,365.1,274.93,4.666666666666667,0.041666666666666664,0.7530265680635442
2022,5,5,365.0,47.93,4.8,0.0,0.1313150684931507
2023,9,11,364.45,94.87,4.2727272727272725,0.0,0.26031005624914255
2024,4,4,361.97999999999996,74.36,3.75,0.5,0.20542571412785238
2025,4,5,361.59999999999997,156.81,3.2,0.0,0.4336559734513275
2026,3,3,361.18,45.209999999999994,4.333333333333333,0.6666666666666666,0.12517304391162298
2027,3,3,360.0,111.61000000000001,2.6666666666666665,0.3333333333333333,0.3100277777777778
2028,2,2,360.0,50.42,2.5,0.0,0.14005555555555557
2029,7,7,359.92999999999995,83.06,4.571428571428571,0.0,0.23076709360153366
2030,3,3,359.70000000000005,43.870000000000005,4.666666666666667,0.0,0.12196274673338893
2031,3,3,359.70000000000005,57.72,4.333333333333333,0.3333333333333333,0.1604670558798999
2032,5,5,359.7,87.12,3.8,0.0,0.24220183486238533
2033,2,4,359.6,79.28,4.0,0.0,0.22046718576195773
2034,7,9,359.33,124.3,4.444444444444445,0.0,0.34592157626694126
2035,2,2,358.0,39.61,5.0,0.0,0.11064245810055866
2036,5,7,357.5,74.57,2.857142857142857,0.14285714285714285,0.20858741258741256
2037,10,10,356.3,151.82,4.8,0.1,0.4261015997754701
2038,1,1,355.0,57.12,5.0,0.0,0.16090140845070422
2039,3,3,354.92,159.98000000000002,5.0,0.0,0.45074946466809424
2040,1,1,354.9,18.92,5.0,0.0,0.053310791772330245
2041,1,1,354.9,21.67,5.0,0.0,0.06105945336714568
2042,4,4,353.9,65.77,4.25,0.0,0.18584345860412546
2043,7,8,353.32,115.66,4.25,0.0,0.327351975546247
2044,7,8,352.84,104.19,4.875,0.0,0.29528964969958055
2045,2,2,351.8,70.44999999999999,2.5,0.0,0.20025582717453094
2046,6,6,351.7,75.35,4.333333333333333,0.0,0.2142450952516349
2047,4,5,350.67,133.25,4.8,0.0,0.3799868822539709
2048,5,5,349.95,78.55,4.4,0.0,0.22446063723389056
2049,6,7,349.9,88.72,3.7142857142857144,0.0,0.25355815947413546
2050,2,2,349.8,38.629999999999995,4.5,0.0,0.11043453401943966
2051,5,10,349.3,190.79,4.8,0.0,0.5462066991125107
2052,8,8,349.28999999999996,102.98,4.125,0.125,0.29482664834378314
2053,2,2,348.8,44.81,1.0,0.0,0.1284690366972477
2054,3,3,347.95,39.04,3.6666666666666665,0.0,0.11220002873976147
2055,14,15,346.59999999999997,208.89,3.466666666666667,0.06666666666666667,0.6026832083092902
2056,4,4,345.70000000000005,43.52,5.0,0.0,0.12588949956609777
2057,33,34,345.6,320.40000000000003,5.0,0.0,0.9270833333333334
2058,5,5,345.0,52.94,4.8,0.0,0.15344927536231884
2059,5,5,345.0,94.95,4.8,0.0,0.27521739130434786
2060,3,4,344.78,67.63,5.0,0.0,0.1961540692615581
2061,7,8,344.2,172.0,4.125,0.0,0.4997094712376525
2062,1,1,343.0,21.64,4.0,0.0,0.06309037900874635
2063,1,2,342.78,38.7,5.0,1.0,0.1129004025905829
2064,2,2,341.98,40.49,5.0,0.0,0.11839873676823207
2065,8,8,340.0,160.08,2.7142857142857144,0.0,0.47082352941176475
2066,8,8,339.92,146.22,4.125,0.0,0.43016003765591904
2067,2,2,339.89,23.990000000000002,1.0,0.5,0.07058165877195564
2068,2,3,339.70000000000005,40.74,1.0,0.0,0.11992934942596407
2069,4,6,339.4,82.28,3.6666666666666665,0.0,0.2424278137890395
2070,10,11,337.9,84.41,4.909090909090909,0.0,0.24980763539508732
2071,4,4,336.96,66.26,4.75,0.0,0.1966405508072175
2072,3,4,336.0,117.8,1.0,0.5,0.35059523809523807
2073,4,7,335.0,103.99,4.714285714285714,0.14285714285714285,0.3104179104477612
2074,6,6,335.0,91.76,5.0,0.16666666666666666,0.27391044776119405
2075,2,2,335.0,67.43,5.0,0.0,0.20128358208955227
2076,1,1,334.99,24.92,5.0,0.0,0.07439028030687483
2077,3,6,334.9,75.08,4.166666666666667,0.16666666666666666,0.22418632427590326
2078,4,5,334.5,101.51,4.6,0.0,0.3034678624813154
2079,13,13,333.92999999999995,165.54,4.076923076923077,0.15384615384615385,0.4957326385769473
2080,3,5,333.0,67.87,4.2,0.0,0.20381381381381383
2081,2,2,330.0,23.63,2.0,0.0,0.0716060606060606
2082,4,4,329.6,51.96,3.25,0.25,0.15764563106796114
2083,5,5,329.5,76.67,3.4,0.2,0.23268588770864948
2084,1,1,328.9,10.96,5.0,0.0,0.03332319854058985
2085,2,2,327.8,82.95,4.0,0.0,0.25305064063453325
2086,2,2,327.63,35.8,2.0,0.5,0.10926960290571681
2087,12,12,324.8,233.04000000000002,3.7083333333333335,0.0,0.7174876847290641
2088,4,5,324.28999999999996,129.6,4.6,0.2,0.3996422954762713
2089,2,2,324.0,56.17,4.0,0.0,0.1733641975308642
2090,4,8,322.3,130.81,4.375,0.0,0.4058641017685386
2091,8,13,322.0,165.65,2.769230769230769,0.0,0.5144409937888199
2092,2,2,321.8,32.98,5.0,0.0,0.10248601615910502
2093,5,5,321.5,135.1,4.2,0.2,0.4202177293934681
2094,3,3,320.70000000000005,33.67,5.0,0.0,0.10498908637355783
2095,7,7,320.55,134.11,4.714285714285714,0.0,0.41837466853844957
2096,1,1,319.9,26.37,5.0,0.0,0.08243201000312599
2097,1,1,319.9,16.99,1.0,0.0,0.053110346983432324
2098,5,5,319.5,74.96000000000001,4.4,0.0,0.23461658841940536
2099,1,1,319.0,13.25,4.0,1.0,0.041536050156739814
2100,3,3,318.8,53.519999999999996,2.6666666666666665,0.0,0.16787954830614804
2101,2,2,318.0,150.94,4.5,0.0,0.47465408805031445
2102,2,2,318.0,140.24,4.0,0.0,0.44100628930817615
2103,3,3,317.70000000000005,59.69,3.6666666666666665,0.0,0.18788164935473714
2104,3,4,316.6,65.7,4.75,0.0,0.20751737207833226
2105,4,4,316.0,52.400000000000006,4.75,0.0,0.1658227848101266
2106,5,5,315.70000000000005,81.3,5.0,0.2,0.25752296484003795
2107,1,1,315.0,20.09,5.0,0.0,0.06377777777777778
2108,2,3,314.96000000000004,79.25999999999999,4.666666666666667,0.0,0.25165100330200657
2109,4,4,314.96,51.05,4.25,0.5,0.16208407416814835
2110,5,5,314.51,122.14,4.4,0.0,0.3883501319512893
2111,2,2,312.99,51.94,5.0,0.0,0.16594779385922873
2112,5,5,312.88,67.01,4.2,0.0,0.21417156737407314
2113,6,6,312.0,107.07000000000001,3.5,0.16666666666666666,0.34317307692307697
2114,9,10,311.1,147.4,4.3,0.0,0.4738026358084217
2115,5,5,310.5,77.18,4.2,0.0,0.24856682769726252
2116,2,2,309.8,43.46,5.0,0.0,0.14028405422853454
2117,3,3,309.70000000000005,57.2,5.0,0.0,0.1846948659993542
2118,1,1,309.0,16.33,5.0,0.0,0.052847896440129445
2119,6,6,308.96000000000004,95.97,4.333333333333333,0.0,0.31062273433454163
2120,7,8,308.9,110.45,4.625,0.0,0.35755908060861125
2121,4,4,308.59000000000003,54.379999999999995,4.0,0.0,0.17622087559545024
2122,10,10,308.5,112.77,4.8,0.1,0.36554294975688817
2123,9,9,308.28,193.48,4.444444444444445,0.2222222222222222,0.6276112624886467
2124,3,4,307.6,65.47,3.75,0.0,0.2128413524057217
2125,6,6,307.5,113.66,4.5,0.0,0.3696260162601626
2126,3,3,307.0,77.49000000000001,4.0,0.3333333333333333,0.25241042345276876
2127,2,2,306.89,31.740000000000002,5.0,0.0,0.10342467985271597
2128,2,2,306.8,22.31,4.0,0.0,0.07271838331160364
2129,3,6,305.96,168.3,4.333333333333333,0.0,0.5500719048241601
2130,6,8,305.4,130.56,3.625,0.0,0.4275049115913556
2131,2,2,305.24,64.53,3.5,0.0,0.21140741711440178
2132,3,3,303.73,75.03,4.333333333333333,0.0,0.24702861093734566
2133,6,7,302.84000000000003,100.01,2.4285714285714284,0.0,0.3302403909655263
2134,3,9,302.1,115.82000000000001,3.2222222222222223,0.0,0.38338298576630253
2135,3,4,301.6,97.65,4.25,0.0,0.3237732095490716
2136,5,6,301.0,62.28,3.1666666666666665,0.0,0.20691029900332225
2137,2,2,300.0,34.43,4.0,0.0,0.11476666666666667
2138,1,1,299.89,63.9,5.0,0.0,0.21307812864717063
2139,2,3,299.85,100.91,4.0,0.0,0.3365349341337335
2140,2,2,299.8,45.400000000000006,3.0,0.0,0.1514342895263509
2141,3,3,299.70000000000005,57.65,4.0,0.0,0.192359025692359
2142,4,4,299.69,67.7,4.5,0.0,0.2259000967666589
2143,4,4,299.6,57.36,3.0,0.0,0.19145527369826434
2144,2,5,299.5,45.85,3.4,0.0,0.15308848080133555
2145,1,1,299.0,14.43,4.0,0.0,0.04826086956521739
2146,1,1,299.0,19.3,5.0,0.0,0.0645484949832776
2147,13,15,298.83,264.73,3.466666666666667,0.06666666666666667,0.8858882976943414
2148,5,6,298.7,102.53999999999999,4.166666666666667,0.16666666666666666,0.34328757951121525
2149,5,5,298.5,56.39,4.8,0.0,0.18891122278056952
2150,1,2,298.0,23.34,5.0,0.0,0.07832214765100672
2151,3,3,297.0,40.17,4.666666666666667,0.0,0.13525252525252526
2152,8,11,297.0,185.47,4.454545454545454,0.0,0.6244781144781145
2153,3,4,296.6,56.04,5.0,0.0,0.1889413351314902
2154,10,11,294.83,122.64,4.2727272727272725,0.0,0.4159685242343045
2155,6,10,294.8,188.57,3.2,0.2,0.6396540027137042
2156,5,6,294.4,110.87,3.8333333333333335,0.0,0.37659646739130437
2157,2,2,294.09000000000003,31.99,4.0,0.0,0.1087762249651467
2158,7,8,294.0,183.88,3.875,0.25,0.6254421768707483
2159,5,6,293.99,119.27000000000001,4.333333333333333,0.0,0.4056940712269125
2160,10,10,293.2,141.07999999999998,3.5,0.1,0.4811732605729877
2161,1,1,292.99,34.5,1.0,0.0,0.11775145909416704
2162,2,2,290.26,37.8,5.0,0.0,0.13022807138427617
2163,1,1,289.9,37.35,5.0,0.0,0.12883753018282168
2164,1,1,289.9,14.28,4.0,0.0,0.04925836495343222
2165,2,2,289.8,37.3,5.0,0.0,0.1287094547964113
2166,4,5,289.7,63.56,2.4,0.2,0.21939937866758719
2167,4,5,289.5,89.98,3.2,0.0,0.3108117443868739
2168,5,5,289.5,65.15,5.0,0.0,0.22504317789291883
2169,1,1,289.49,24.83,5.0,0.0,0.08577152924107913
2170,1,1,289.0,9.05,1.0,0.0,0.031314878892733565
2171,5,10,288.7,191.97,4.6,0.0,0.6649463110495324
2172,4,7,287.0,209.03,4.857142857142857,0.42857142857142855,0.7283275261324041
2173,2,2,287.0,68.39,5.0,0.0,0.23829268292682926
2174,10,11,286.5,155.64,3.909090909090909,0.18181818181818182,0.5432460732984292
2175,2,3,286.0,87.38000000000001,4.666666666666667,0.0,0.30552447552447554
2176,1,1,285.0,27.02,5.0,0.0,0.09480701754385965
2177,1,1,285.0,58.9,1.0,0.0,0.20666666666666667
2178,4,4,284.6,41.86,5.0,0.0,0.1470836261419536
2179,4,5,281.8,97.58,4.8,0.0,0.34627395315826826
2180,3,3,281.4,49.06,5.0,0.0,0.17434257285003557
2181,6,6,281.4,107.09,4.0,0.0,0.3805614783226724
2182,6,9,280.88,164.05,2.6666666666666665,0.1111111111111111,0.5840572486471092
2183,8,8,280.3,128.2,4.5,0.25,0.45736710667142344
2184,2,2,279.89,67.84,3.0,0.0,0.24238093536746583
2185,3,3,279.79,49.06,2.3333333333333335,0.0,0.17534579506058115
2186,1,1,279.0,59.74,5.0,0.0,0.21412186379928316
2187,1,1,279.0,26.69,5.0,0.0,0.09566308243727599
2188,5,5,278.5,95.53,4.6,0.0,0.343016157989228
2189,2,2,278.0,49.43,2.0,0.0,0.17780575539568344
2190,2,2,278.0,24.36,4.5,0.5,0.08762589928057554
2191,3,3,277.75,61.540000000000006,3.6666666666666665,0.0,0.2215661566156616
2192,5,5,277.67,125.76,4.2,0.0,0.4529117297511434
2193,1,1,277.3,50.09,1.0,0.0,0.18063469166967183
2194,5,6,276.39,55.78,3.4,0.3333333333333333,0.20181627410543074
2195,7,8,275.5,158.45,4.375,0.25,0.5751361161524501
2196,4,4,272.0,52.84,4.0,0.0,0.19426470588235295
2197,2,2,269.98,34.02,3.5,0.5,0.12600933402474257
2198,1,1,269.9,26.09,1.0,0.0,0.09666543164134865
2199,1,1,269.9,43.71,5.0,0.0,0.16194886995183402
2200,1,1,269.9,19.14,5.0,0.0,0.0709151537606521
2201,3,3,269.70000000000005,89.33,4.0,0.0,0.33121987393400065
2202,3,3,269.0,52.02,3.6666666666666665,0.0,0.1933828996282528
2203,2,2,268.99,24.270000000000003,5.0,0.0,0.09022640246849326
2204,8,11,268.66,208.34,3.6363636363636362,0.0,0.7754782997096702
2205,2,4,268.0,170.38,4.5,0.0,0.6357462686567164
2206,2,2,268.0,30.369999999999997,5.0,0.0,0.11332089552238805
2207,1,1,267.0,32.84,1.0,0.0,0.12299625468164796
2208,3,9,266.7,117.42,4.111111111111111,0.0,0.44026996625421827
2209,5,5,265.3,82.18,4.8,0.2,0.30976253298153034
2210,1,1,264.0,19.73,5.0,0.0,0.07473484848484849
2211,23,24,263.13,251.06,4.041666666666667,0.0,0.954129137688595
2212,6,6,263.0,100.41,5.0,0.0,0.381787072243346
2213,3,3,261.70000000000005,54.53,5.0,0.0,0.2083683607183798
2214,3,4,261.2,60.57,3.75,0.0,0.23189127105666157
2215,3,3,261.0,62.46,3.3333333333333335,0.3333333333333333,0.2393103448275862
2216,7,9,261.0,122.66,3.6666666666666665,0.0,0.46996168582375475
2217,2,2,259.9,74.39,4.5,0.0,0.28622547133512893
2218,3,3,259.7,39.870000000000005,2.3333333333333335,0.3333333333333333,0.1535232961108972
2219,4,4,259.6,61.74,5.0,0.0,0.23782742681047764
2220,1,1,259.6,21.31,1.0,1.0,0.08208782742681046
2221,5,5,259.5,68.86,3.8,0.2,0.2653564547206166
2222,4,4,259.03,60.95,4.75,0.0,0.23530093039416286
2223,1,1,259.0,19.91,5.0,0.0,0.07687258687258687
2224,2,2,258.9,33.49,5.0,0.0,0.1293549633062959
2225,2,7,258.3,139.12,1.0,0.0,0.5385985288424313
2226,2,2,258.0,164.04000000000002,2.0,0.0,0.6358139534883722
2227,2,2,257.75,19.47,4.5,0.0,0.07553831231813772
2228,5,5,257.25,194.13,4.4,0.0,0.7546355685131195
2229,5,5,256.89,170.24,4.6,0.0,0.6626960956051229
2230,4,7,256.39,100.45,2.142857142857143,0.14285714285714285,0.39178595109013614
2231,3,3,253.70000000000002,48.36,2.6666666666666665,0.3333333333333333,0.1906188411509657
2232,2,2,252.9,41.8,2.0,0.0,0.16528272044286277
2233,3,3,252.8,54.17,4.666666666666667,0.0,0.21428006329113924
2234,5,5,252.0,101.01,4.0,0.0,0.4008333333333334
2235,8,9,251.87,142.10999999999999,4.777777777777778,0.0,0.5642196371143844
2236,1,2,251.8,31.26,5.0,0.0,0.12414614773629865
2237,2,2,251.6,35.91,5.0,0.0,0.14272655007949125
2238,2,2,251.0,43.9,4.5,0.5,0.1749003984063745
2239,5,5,250.41,98.04,4.4,0.2,0.39151791062657243
2240,2,2,250.0,38.629999999999995,3.5,0.5,0.15452
2241,1,1,250.0,62.49,4.5,0.0,0.24996000000000002
2242,1,1,250.0,17.94,1.0,0.0,0.07176
2243,1,1,249.99,59.33,3.0,1.0,0.23732949317972718
2244,1,1,249.9,106.21,5.0,0.0,0.4250100040016006
2245,2,2,249.8,28.339999999999996,5.0,0.0,0.11345076060848677
2246,6,6,249.39999999999998,87.35,3.6,0.0,0.3502405773857257
2247,1,1,249.0,42.72,1.0,0.0,0.17156626506024095
2248,1,1,248.0,18.11,4.0,0.0,0.0730241935483871
2249,2,2,247.99,41.81,4.0,0.0,0.1685955078833824
2250,3,3,247.8,48.61,2.6666666666666665,0.0,0.19616626311541566
2251,6,6,246.39999999999998,88.02,4.5,0.16666666666666666,0.35722402597402597
2252,3,3,246.0,42.01,3.3333333333333335,0.3333333333333333,0.17077235772357724
2253,5,7,245.92999999999998,66.64,5.0,0.0,0.2709714146301793
2254,4,4,245.6,80.85,4.25,0.0,0.3291938110749186
2255,7,7,245.0,88.18,4.285714285714286,0.0,0.35991836734693883
2256,7,7,245.0,113.97,5.0,0.0,0.46518367346938777
2257,2,3,244.9,31.21,2.3333333333333335,0.0,0.12743977133523887
2258,2,2,244.0,86.06,2.5,0.0,0.3527049180327869
2259,2,2,243.8,85.88,5.0,0.0,0.3522559474979491
2260,4,6,243.39999999999998,105.58,4.0,0.0,0.4337715694330321
2261,6,6,242.0,94.94,4.666666666666667,0.0,0.39231404958677685
2262,6,6,241.39999999999998,72.28,4.333333333333333,0.3333333333333333,0.2994200497100249
2263,3,7,241.2,86.2,4.285714285714286,0.0,0.35737976782752906
2264,4,4,240.60000000000002,64.91,3.25,0.0,0.26978387364921025
2265,2,2,239.98,34.88,4.5,0.0,0.14534544545378783
2266,1,1,239.9,77.47,5.0,0.0,0.32292621925802417
2267,1,2,239.8,37.88,5.0,0.0,0.1579649708090075
2268,2,2,239.8,104.37,4.5,0.0,0.4352376980817348
2269,2,8,239.2,118.75999999999999,5.0,0.75,0.49648829431438124
2270,1,1,237.6,16.41,1.0,1.0,0.06906565656565657
2271,8,8,237.29999999999998,99.19,3.625,0.125,0.4179941002949853
2272,7,13,235.87,171.83,3.769230769230769,0.0,0.7284945096875398
2273,5,5,235.59,59.86,4.4,0.0,0.2540854874994694
2274,1,1,235.0,35.45,3.0,0.0,0.15085106382978725
2275,1,1,235.0,14.08,5.0,0.0,0.05991489361702128
2276,7,8,234.95999999999998,99.13,4.5,0.125,0.4219016002723868
2277,3,3,234.12,57.5,5.0,0.0,0.24560054672817358
2278,2,2,234.0,31.51,3.0,0.0,0.13465811965811966
2279,3,3,231.89999999999998,38.59,3.6666666666666665,0.0,0.16640793445450627
2280,1,2,230.0,43.22,4.0,0.0,0.18791304347826088
2281,1,1,229.9,22.45,5.0,0.0,0.09765115267507611
2282,1,1,229.9,21.93,5.0,0.0,0.09538929969551979
2283,1,1,229.9,19.49,5.0,0.0,0.08477598956067854
2284,9,9,229.1,89.94,4.555555555555555,0.3333333333333333,0.39257965953731994
2285,2,2,229.0,32.05,5.0,0.0,0.13995633187772924
2286,3,3,228.4,48.92,5.0,0.0,0.21418563922942208
2287,1,1,226.6,25.67,3.0,0.0,0.11328331862312446
2288,4,4,226.0,90.12,4.5,0.0,0.3987610619469027
2289,2,2,224.8,26.09,4.5,0.0,0.11605871886120996
2290,2,3,224.34,34.2,4.333333333333333,0.0,0.15244717838994384
2291,5,5,224.3,87.36,5.0,0.0,0.3894783771734284
2292,5,6,224.0,92.41,4.833333333333333,0.0,0.4125446428571428
2293,2,2,223.9,33.56,4.5,0.0,0.14988834301027246
2294,6,6,223.32,70.06,4.333333333333333,0.16666666666666666,0.31372022210281214
2295,6,7,221.61999999999998,89.05,2.7142857142857144,0.0,0.40181391571157843
2296,6,6,220.5,78.78,4.0,0.16666666666666666,0.3572789115646259
2297,1,1,220.0,22.03,1.0,0.0,0.10013636363636365
2298,1,1,219.9,24.12,4.0,1.0,0.10968622100954979
2299,2,2,219.9,29.16,4.5,0.0,0.13260572987721692
2300,2,2,219.8,35.18,5.0,0.0,0.1600545950864422
2301,2,3,219.8,44.63,5.0,0.0,0.20304822565969063
2302,2,2,219.8,114.5,4.5,0.0,0.5209281164695178
2303,6,7,219.62,206.71,3.857142857142857,0.0,0.9412166469356161
2304,1,1,219.0,16.28,1.0,0.0,0.07433789954337901
2305,3,3,218.70000000000002,27.9,3.0,0.3333333333333333,0.12757201646090532
2306,1,2,218.0,17.84,5.0,0.0,0.0818348623853211
2307,3,5,217.7,69.85000000000001,5.0,0.0,0.32085438677078554
2308,7,7,217.04,92.66,4.428571428571429,0.0,0.42692591227423515
2309,3,3,215.0,61.82,4.666666666666667,0.0,0.2875348837209302
2310,1,1,214.08,19.3,1.0,0.0,0.09015321375186845
2311,4,4,213.2,52.33,5.0,0.0,0.24545028142589118
2312,4,6,210.2,70.07,4.833333333333333,0.0,0.333349191246432
2313,1,1,210.0,51.97,1.0,0.0,0.24747619047619046
2314,6,8,210.0,211.25,3.5,0.0,1.005952380952381
2315,1,2,210.0,175.42,5.0,0.0,0.8353333333333333
2316,4,7,209.92999999999998,119.78,5.0,0.0,0.570571142761873
2317,3,6,209.6,45.12,5.0,0.3333333333333333,0.21526717557251906
2318,3,5,209.5,68.02000000000001,3.2,0.0,0.3246778042959428
2319,4,4,209.4,63.36,5.0,0.0,0.3025787965616046
2320,1,1,209.0,16.21,4.0,0.0,0.07755980861244019
2321,3,3,208.9,78.86,5.0,0.0,0.377501196744854
2322,2,2,208.8,28.73,5.0,0.0,0.13759578544061302
2323,3,3,208.35000000000002,67.56,3.0,0.0,0.32426205903527716
2324,2,2,208.0,47.59,4.5,0.0,0.22879807692307694
2325,4,4,208.0,91.89,2.5,0.0,0.44177884615384616
2326,5,7,207.85999999999999,132.37,3.2857142857142856,0.0,0.6368228615414222
2327,2,2,206.9,34.31,5.0,0.0,0.16582890285161914
2328,5,5,206.7,54.17,5.0,0.0,0.262070633768747
2329,1,5,206.64999999999998,46.7,1.0,0.0,0.22598596661021053
2330,4,4,205.8,63.76,4.5,0.25,0.3098153547133139
2331,2,2,205.75,27.5,3.5,0.0,0.1336573511543135
2332,2,2,205.55,41.1,4.5,0.0,0.19995135003648748
2333,1,3,204.93,69.17999999999999,1.0,0.0,0.3375786854047723
2334,1,1,204.0,58.1,4.0,1.0,0.28480392156862744
2335,5,11,202.89999999999998,135.35,3.5454545454545454,0.09090909090909091,0.6670773780187285
2336,1,1,202.89,16.17,5.0,0.0,0.07969835871654593
2337,3,3,202.79000000000002,43.43,2.3333333333333335,0.6666666666666666,0.21416243404507124
2338,1,1,201.9,10.16,1.0,1.0,0.05032194155522536
2339,3,3,201.5,68.86,5.0,0.0,0.34173697270471465
2340,4,6,200.94,110.49,4.333333333333333,0.16666666666666666,0.5498656315318006
2341,10,11,200.9,141.09,3.1818181818181817,0.36363636363636365,0.7022896963663514
2342,3,3,200.6,51.32,5.0,0.0,0.25583250249252243
2343,1,1,200.0,19.33,5.0,0.0,0.09664999999999999
2344,1,1,199.99,19.28,5.0,0.0,0.09640482024101205
2345,1,1,199.99,18.14,4.0,0.0,0.09070453522676133
2346,1,1,199.99,19.28,5.0,0.0,0.09640482024101205
2347,2,2,199.98,28.28,3.5,0.0,0.14141414141414144
2348,1,1,199.9,24.55,4.0,0.0,0.12281140570285143
2349,1,1,199.9,50.98,5.0,0.0,0.25502751375687843
2350,1,2,199.8,64.44,1.0,1.0,0.3225225225225225
2351,2,2,199.8,32.67,5.0,0.0,0.1635135135135135
2352,2,2,199.8,28.92,2.0,0.0,0.14474474474474475
2353,2,3,199.67000000000002,84.07,1.6666666666666667,0.0,0.42104472379426044
2354,5,5,199.5,91.45,4.8,0.0,0.45839598997493736
2355,2,5,199.5,68.12,1.0,0.0,0.34145363408521306
2356,1,1,199.0,18.0,5.0,0.0,0.09045226130653267
2357,1,1,199.0,15.56,5.0,0.0,0.07819095477386935
2358,2,2,199.0,59.870000000000005,3.0,0.0,0.30085427135678394
2359,1,1,199.0,23.1,5.0,0.0,0.11608040201005025
2360,1,1,199.0,23.13,2.0,0.0,0.11623115577889447
2361,3,3,198.98,35.06,4.333333333333333,0.0,0.17619861292592223
2362,2,2,198.9,32.44,4.0,0.0,0.16309703368526896
2363,2,2,198.0,31.9,1.5,1.0,0.1611111111111111
2364,1,2,198.0,84.14,2.0,0.0,0.42494949494949497
2365,1,2,198.0,41.48,1.0,1.0,0.20949494949494948
2366,2,2,197.8,31.450000000000003,5.0,0.0,0.1589989888776542
2367,1,1,196.9,37.71,2.0,1.0,0.1915185373285932
2368,3,3,196.70000000000002,53.28,4.666666666666667,0.0,0.2708693441789527
2369,3,5,196.68,50.37,4.2,0.0,0.2561012812690665
2370,2,2,196.0,33.64,5.0,0.0,0.1716326530612245
2371,3,3,195.74,44.32,4.0,0.0,0.22642280576274648
2372,2,2,195.18,30.47,2.5,0.0,0.15611230658878983
2373,3,3,194.8,109.92,4.0,0.0,0.5642710472279261
2374,1,2,194.70000000000002,42.97,5.0,0.0,0.22069851052901898
2375,4,4,194.0,43.8,3.75,0.0,0.22577319587628863
2376,5,7,193.54999999999998,125.47,4.142857142857143,0.0,0.648256264531129
2377,5,8,193.38,82.00999999999999,4.125,0.5,0.42408728927500255
2378,2,2,193.1,29.27,2.5,0.0,0.15157949249093733
2379,2,2,192.54000000000002,30.2,5.0,0.0,0.15685052456632387
2380,2,2,191.8,20.770000000000003,4.25,0.0,0.10828988529718457
2381,2,2,190.8,32.4,1.0,0.0,0.16981132075471697
2382,1,1,189.99,26.61,5.0,0.0,0.14006000315806094
2383,3,3,189.98000000000002,52.45,4.333333333333333,0.0,0.27608169280976946
2384,1,1,189.9,15.5,4.0,0.0,0.08162190626645603
2385,1,1,189.9,14.91,5.0,0.0,0.07851500789889415
2386,2,2,189.8,17.02,4.5,0.0,0.08967334035827186
2387,3,3,189.70000000000002,27.16,2.3333333333333335,0.0,0.14317343173431732
2388,1,1,189.0,18.25,5.0,0.0,0.09656084656084656
2389,1,1,189.0,13.62,5.0,0.0,0.07206349206349207
2390,1,1,189.0,45.4,4.0,0.0,0.2402116402116402
2391,1,1,188.9,30.05,2.0,0.0,0.1590788777130757
2392,4,5,188.8,83.53,3.8,0.0,0.4424258474576271
2393,5,5,188.32,81.59,4.8,0.0,0.4332519116397621
2394,5,5,187.68,61.199999999999996,3.6,0.0,0.3260869565217391
2395,2,2,186.69,32.06,5.0,0.0,0.17172853393325835
2396,1,1,186.0,31.71,1.0,0.0,0.17048387096774195
2397,3,3,185.70000000000002,37.82,2.3333333333333335,0.0,0.20366182014001075
2398,4,4,185.7,54.74,4.5,0.0,0.294776521270867
2399,1,1,185.0,51.79,1.0,0.0,0.27994594594594596
2400,2,2,184.8,38.08,3.5,0.0,0.20606060606060603
2401,3,3,184.70000000000002,57.53,5.0,0.0,0.3114780725500812
2402,2,2,183.2,65.22,4.0,0.5,0.3560043668122271
2403,6,6,183.0,75.7,4.0,0.16666666666666666,0.4136612021857924
2404,6,7,183.0,96.39,5.0,0.0,0.5267213114754098
2405,3,3,183.0,84.39,4.333333333333333,0.0,0.46114754098360655
2406,3,3,182.70000000000002,48.1,4.666666666666667,0.0,0.26327312534209085
2407,2,2,182.48000000000002,30.65,2.5,0.5,0.1679636124506795
2408,1,1,181.0,58.04,5.0,0.0,0.3206629834254144
2409,3,4,180.60000000000002,44.08,4.75,0.0,0.24407530454042078
2410,1,1,180.0,24.06,5.0,0.0,0.13366666666666666
2411,1,1,180.0,19.36,4.0,0.0,0.10755555555555556
2412,2,2,180.0,57.6,5.0,0.0,0.32
2413,2,2,180.0,18.82,5.0,0.5,0.10455555555555555
2414,1,1,180.0,15.43,1.0,1.0,0.08572222222222223
2415,1,1,180.0,16.11,2.0,0.0,0.0895
2416,1,1,179.9,8.52,5.0,1.0,0.04735964424680378
2417,3,9,179.9,77.42,5.0,0.0,0.43035019455252915
2418,1,1,179.9,102.57,5.0,0.0,0.5701500833796553
2419,3,4,179.8,60.31999999999999,2.25,0.0,0.3354838709677419
2420,1,1,178.99,25.77,5.0,0.0,0.14397452371640873
2421,1,1,178.9,18.82,5.0,0.0,0.10519843487982113
2422,2,2,178.8,83.97999999999999,5.0,0.0,0.4696868008948545
2423,8,8,178.68,105.36,4.75,0.0,0.5896574882471457
2424,4,4,178.0,41.620000000000005,5.0,0.0,0.23382022471910116
2425,8,10,176.4,104.97,4.9,0.1,0.5950680272108844
2426,4,4,176.2,72.44,4.5,0.0,0.41112372304199774
2427,2,2,175.98,36.59,5.0,0.0,0.20792135469939768
2428,3,3,175.7,139.74,4.666666666666667,0.0,0.7953329538986911
2429,2,2,175.0,35.75,4.0,0.0,0.2042857142857143
2430,1,1,175.0,24.84,5.0,0.0,0.14194285714285715
2431,5,5,174.84,50.769999999999996,4.6,0.2,0.29037977579501256
2432,2,3,174.70000000000002,52.97,4.333333333333333,0.0,0.3032054951345163
2433,1,1,174.0,16.98,5.0,0.0,0.09758620689655173
2434,4,4,173.99,31.73,4.0,0.25,0.18236680268980976
2435,1,6,173.94,44.76,5.0,0.0,0.257330113832356
2436,2,2,173.0,29.9,5.0,0.0,0.17283236994219653
2437,3,3,172.8,59.160000000000004,3.6666666666666665,0.0,0.3423611111111111
2438,10,11,171.99,123.08000000000001,4.090909090909091,0.0,0.7156230013372871
2439,6,6,171.76999999999998,76.08999999999999,4.0,0.16666666666666666,0.4429760726552949
2440,3,3,170.8,59.74,2.3333333333333335,0.0,0.34976580796252926
2441,3,3,170.0,29.31,4.333333333333333,0.0,0.17241176470588235
2442,1,1,170.0,22.94,4.0,0.0,0.13494117647058823
2443,1,1,169.9,12.69,1.0,0.0,0.07469099470276633
2444,1,1,169.9,9.56,4.0,0.0,0.056268393172454384
2445,1,1,169.76,12.69,5.0,0.0,0.07475259189443921
2446,4,4,169.45,72.67,4.75,0.0,0.4288580702272057
2447,1,1,169.0,19.28,1.0,0.0,0.1140828402366864
2448,1,1,168.1,37.55,5.0,0.0,0.22337894110648424
2449,2,3,168.0,31.68,4.666666666666667,0.0,0.18857142857142856
2450,1,1,167.99,31.93,1.0,1.0,0.19007083754985415
2451,1,1,167.9,16.81,5.0,0.0,0.1001191185229303
2452,2,5,167.0,68.25,3.4,0.0,0.4086826347305389
2453,4,4,166.88,59.589999999999996,3.5,0.25,0.3570829338446788
2454,2,2,165.8,59.81,5.0,0.0,0.36073582629674306
2455,6,6,165.6,62.449999999999996,3.3333333333333335,0.0,0.3771135265700483
2456,1,1,165.0,14.92,2.0,0.0,0.09042424242424242
2457,9,10,165.0,173.49,4.6,0.0,1.0514545454545454
2458,4,4,164.96,50.14,3.5,0.25,0.3039524733268671
2459,6,7,164.29999999999998,113.92,4.142857142857143,0.14285714285714285,0.6933657942787584
2460,2,2,162.8,27.36,2.5,0.0,0.16805896805896806
2461,2,2,162.7,24.72,2.5,0.0,0.1519360786724032
2462,1,1,161.99,32.86,5.0,0.0,0.20285202790295695
2463,5,5,161.95,80.78999999999999,4.0,0.0,0.498857672121025
2464,3,3,161.7,41.78,1.0,0.0,0.2583797155225727
2465,1,1,161.0,8.39,5.0,0.0,0.05211180124223603
2466,1,1,161.0,40.34,5.0,0.0,0.25055900621118016
2467,1,4,160.0,70.52,1.0,0.0,0.44075
2468,2,2,159.98,32.64,4.5,0.0,0.2040255031878985
2469,1,2,159.98,22.36,3.0,0.0,0.13976747093386674
2470,1,1,159.9,19.22,1.0,0.0,0.12020012507817385
2471,1,1,159.9,13.78,5.0,0.0,0.08617886178861787
2472,1,1,159.9,12.14,5.0,0.0,0.07592245153220763
2473,2,2,159.8,31.630000000000003,3.0,0.0,0.1979349186483104
2474,2,2,159.8,21.520000000000003,4.5,0.0,0.13466833541927412
2475,2,2,159.8,24.14,1.5,0.0,0.15106382978723404
2476,2,2,159.8,32.66,5.0,0.0,0.20438047559449307
2477,3,4,159.6,60.96,4.5,0.0,0.38195488721804516
2478,2,2,158.88,42.39,5.0,0.0,0.26680513595166166
2479,3,4,158.78,119.17999999999999,4.75,0.0,0.7505983121299912
2480,3,4,158.2,56.62,5.0,0.0,0.35790139064475346
2481,2,2,158.0,53.67,5.0,0.0,0.3396835443037975
2482,1,1,158.0,16.21,5.0,0.0,0.10259493670886076
2483,2,2,158.0,22.53,4.5,0.0,0.14259493670886075
2484,4,4,157.96,100.16,4.0,0.0,0.6340845783742719
2485,2,2,155.9,40.5,3.0,0.0,0.25978191148171903
2486,1,1,155.9,19.19,5.0,0.0,0.1230917254650417
2487,2,2,155.55,45.629999999999995,2.0,0.0,0.2933461909353905
2488,1,1,155.32,43.37,5.0,0.0,0.2792299768220448
2489,1,1,155.0,151.2,5.0,0.0,0.9754838709677419
2490,3,3,154.97,61.01,1.0,0.0,0.3936891011163451
2491,1,1,154.9,18.33,5.0,0.0,0.11833440929632019
2492,2,2,153.99,7.8100000000000005,3.0,0.0,0.05071757906357556
2493,1,1,153.75,14.61,4.0,0.0,0.09502439024390244
2494,2,2,153.6,28.34,4.0,0.0,0.18450520833333334
2495,2,2,152.9,24.52,4.5,0.0,0.16036625245258337
2496,1,1,152.42,48.12,5.0,0.0,0.31570660018370295
2497,1,1,152.0,12.45,5.0,0.0,0.0819078947368421
2498,3,3,151.79,42.45,4.666666666666667,0.0,0.27966269187693527
2499,4,4,150.6,54.59,4.5,0.0,0.3624833997343958
2500,2,2,150.0,15.5,4.5,0.0,0.10333333333333333
2501,1,1,150.0,19.15,4.0,0.0,0.12766666666666665
2502,3,3,150.0,37.2,3.6666666666666665,0.3333333333333333,0.24800000000000003
2503,1,1,150.0,18.63,5.0,0.0,0.12419999999999999
2504,1,1,149.9,15.36,5.0,0.0,0.10246831220813875
2505,1,1,149.9,16.81,1.0,0.0,0.11214142761841227
2506,2,2,149.8,28.14,4.5,0.0,0.1878504672897196
2507,3,3,149.79,60.09,4.666666666666667,0.0,0.40116162627678753
2508,2,2,149.7,66.53,5.0,0.0,0.4444221776887108
2509,1,3,149.7,26.160000000000004,1.0,0.0,0.17474949899799602
2510,3,3,149.7,85.41,3.6666666666666665,0.3333333333333333,0.5705410821643286
2511,1,1,149.0,20.01,5.0,0.0,0.13429530201342282
2512,1,1,149.0,8.3,4.0,0.0,0.055704697986577185
2513,2,2,148.89,22.490000000000002,3.0,0.0,0.151051111558869
2514,6,6,148.59,78.22,4.0,0.0,0.5264149673598493
2515,3,3,148.5,40.0,3.0,0.3333333333333333,0.26936026936026936
2516,9,9,148.3,98.19,2.5555555555555554,0.4444444444444444,0.6621038435603506
2517,6,8,148.0,70.82,4.0,0.0,0.47851351351351346
2518,5,5,147.89,59.49,4.4,0.0,0.4022584353235513
2519,3,3,147.6,44.44,3.3333333333333335,0.0,0.3010840108401084
2520,1,1,146.99,21.3,1.0,0.0,0.14490781685828968
2521,2,2,146.51,24.88,4.0,0.0,0.1698177598798717
2522,2,3,146.01,41.56,3.6666666666666665,0.0,0.2846380384905144
2523,5,5,146.0,63.23,4.6,0.0,0.4330821917808219
2524,1,1,145.9,15.47,5.0,0.0,0.10603152844413982
2525,5,5,145.0,65.44,4.8,0.2,0.4513103448275862
2526,1,1,145.0,24.0,5.0,0.0,0.16551724137931034
2527,2,2,144.8,30.34,1.0,0.5,0.20953038674033148
2528,2,2,144.8,38.83,5.0,0.5,0.26816298342541434
2529,1,1,144.2,51.61,1.0,0.0,0.35790568654646326
2530,3,3,143.7,67.2,5.0,0.0,0.4676409185803758
2531,1,1,142.47,43.41,5.0,0.0,0.30469572541587703
2532,2,2,141.82,30.03,4.5,0.0,0.21174728529121423
2533,2,2,141.0,25.990000000000002,5.0,0.0,0.1843262411347518
2534,3,3,140.8,51.300000000000004,4.666666666666667,0.0,0.3643465909090909
2535,1,1,140.0,27.96,5.0,0.0,0.19971428571428573
2536,2,2,140.0,19.68,3.0,0.0,0.14057142857142857
2537,4,4,139.96,57.059999999999995,4.75,0.25,0.4076879108316661
2538,1,1,139.9,22.69,4.0,0.0,0.16218727662616156
2539,1,1,139.9,18.55,3.0,0.0,0.13259471050750535
2540,1,1,139.9,34.78,4.0,0.0,0.24860614724803431
2541,1,1,139.9,9.14,5.0,0.0,0.0653323802716226
2542,1,1,139.89,19.08,5.0,0.0,0.13639288012009437
2543,2,2,139.8,50.33,3.0,0.5,0.36001430615164515
2544,2,2,139.8,22.950000000000003,5.0,0.0,0.16416309012875538
2545,2,2,139.8,23.37,5.0,0.0,0.1671673819742489
2546,2,4,139.78,55.0,3.5,0.0,0.39347546143940476
2547,3,3,139.70000000000002,51.86,4.666666666666667,0.0,0.3712240515390121
2548,5,7,139.5,102.81,4.428571428571429,0.0,0.736989247311828
2549,5,5,139.5,77.2,4.0,0.0,0.5534050179211469
2550,1,1,139.49,15.29,5.0,0.0,0.10961359237221305
2551,1,1,139.19,16.07,5.0,0.0,0.11545369638623465
2552,1,1,139.0,64.77,5.0,0.0,0.4659712230215827
2553,1,1,139.0,27.05,5.0,0.0,0.1946043165467626
2554,1,1,139.0,17.16,4.0,0.0,0.12345323741007194
2555,1,1,139.0,85.75,5.0,0.0,0.6169064748201439
2556,1,1,139.0,13.99,1.0,0.0,0.10064748201438849
2557,3,4,138.75,32.24,3.5,0.0,0.23236036036036037
2558,1,3,138.60000000000002,38.37,1.0,0.0,0.2768398268398268
2559,5,5,138.6,81.15,4.0,0.2,0.5854978354978355
2560,2,2,138.0,44.37,3.0,0.0,0.32152173913043475
2561,3,4,137.8,53.55,5.0,0.0,0.3886066763425253
2562,4,4,137.6,68.21000000000001,4.75,0.0,0.4957122093023257
2563,2,3,137.0,55.26,5.0,0.0,0.4033576642335766
2564,1,1,135.99,12.16,5.0,0.0,0.08941833958379292
2565,1,1,135.98,88.46,5.0,0.0,0.6505368436534784
2566,2,2,135.8,29.049999999999997,5.0,0.0,0.21391752577319584
2567,3,3,135.7,46.34,3.3333333333333335,0.0,0.34148857774502583
2568,1,1,135.0,21.75,5.0,0.0,0.16111111111111112
2569,2,2,135.0,30.630000000000003,3.0,0.5,0.22688888888888892
2570,2,2,134.9,50.97,5.0,0.0,0.3778354336545589
2571,5,6,134.8,66.24,4.5,0.0,0.49139465875370913
2572,6,8,134.0,89.10000000000001,4.125,0.125,0.6649253731343284
2573,2,2,133.8,48.59,3.0,0.5,0.3631539611360239
2574,2,2,133.22,23.86,5.0,0.0,0.17910223690136615
2575,1,1,133.0,15.68,1.0,0.0,0.11789473684210526
2576,3,3,131.9,72.96,4.666666666666667,0.0,0.5531463229719483
2577,2,5,131.74,79.16,3.2,0.0,0.6008805222407773
2578,4,4,130.69,110.00999999999999,2.75,0.0,0.8417629504935342
2579,3,4,130.6,95.02000000000001,4.75,0.0,0.7275650842266463
2580,2,2,130.0,20.67,1.0,0.0,0.159
2581,1,1,130.0,14.44,1.0,0.0,0.11107692307692307
2582,1,1,130.0,34.71,5.0,0.0,0.267
2583,1,1,130.0,17.35,5.0,0.0,0.13346153846153846
2584,1,1,130.0,11.52,1.0,0.0,0.08861538461538461
2585,1,1,129.9,13.35,4.0,0.0,0.10277136258660508
2586,1,1,129.9,20.1,3.0,0.0,0.15473441108545036
2587,1,1,129.9,11.52,5.0,0.0,0.08868360277136259
2588,2,3,129.79,56.01,4.666666666666667,0.0,0.43154326219277295
2589,4,4,129.45999999999998,81.11,4.5,0.0,0.6265255677429322
2590,3,4,128.7,58.12,4.0,0.0,0.4515928515928516
2591,2,2,127.8,35.4,1.0,0.5,0.27699530516431925
2592,2,2,127.5,35.9,5.0,0.0,0.2815686274509804
2593,2,2,126.80000000000001,57.09,4.5,0.0,0.4502365930599369
2594,3,4,126.0,67.15,3.75,0.0,0.5329365079365079
2595,4,4,125.96,46.69,4.0,0.0,0.37067322959669735
2596,1,1,125.9,11.49,4.0,0.0,0.09126290706910246
2597,1,1,125.85,26.62,5.0,0.0,0.2115216527612237
2598,2,2,125.80000000000001,26.240000000000002,4.5,0.0,0.20858505564387916
2599,2,2,125.7,29.88,3.0,0.0,0.237708830548926
2600,2,2,125.25,23.67,5.0,0.0,0.18898203592814372
2601,4,8,125.2,66.04,1.375,0.375,0.5274760383386582
2602,5,5,125.0,72.21000000000001,4.4,0.0,0.5776800000000001
2603,1,1,125.0,18.98,5.0,0.0,0.15184
2604,4,4,124.6,58.93,3.5,0.0,0.4729534510433387
2605,2,2,124.0,24.119999999999997,4.0,0.0,0.19451612903225804
2606,4,4,123.80000000000001,58.42,4.5,0.25,0.47189014539579965
2607,3,8,121.2,131.57,1.0,0.875,1.0855610561056104
2608,2,2,120.5,55.64,5.0,0.0,0.4617427385892116
2609,3,3,120.27,34.730000000000004,4.0,0.0,0.2887669410493058
2610,1,1,120.0,58.92,5.0,0.0,0.491
2611,1,1,120.0,19.53,5.0,0.0,0.16275
2612,5,7,120.0,95.95,5.0,0.0,0.7995833333333333
2613,1,1,120.0,19.38,5.0,0.0,0.1615
2614,4,6,120.0,83.99,4.833333333333333,0.0,0.6999166666666666
2615,1,1,120.0,17.09,5.0,0.0,0.14241666666666666
2616,1,1,119.99,17.03,5.0,0.0,0.1419284940411701
2617,5,5,119.97999999999999,51.269999999999996,4.0,0.2,0.4273212202033672
2618,3,4,119.96000000000001,58.699999999999996,3.0,0.25,0.48932977659219734
2619,1,1,119.9,16.14,4.0,1.0,0.13461217681401166
2620,1,1,119.9,21.49,4.0,0.0,0.17923269391159297
2621,1,1,119.9,15.59,3.5,0.0,0.1300250208507089
2622,1,1,119.9,27.69,5.0,0.0,0.23094245204336947
2623,1,1,119.9,13.94,5.0,0.0,0.11626355296080065
2624,1,1,119.9,15.59,4.0,0.0,0.1300250208507089
2625,2,2,119.89000000000001,37.62,3.0,1.0,0.3137876386687797
2626,2,2,119.8,31.16,5.0,0.0,0.2601001669449082
2627,2,2,119.8,35.45,4.0,0.0,0.2959098497495827
2628,2,2,119.8,40.87,4.5,0.0,0.34115191986644405
2629,3,3,119.69999999999999,33.34,2.3333333333333335,0.6666666666666666,0.27852965747702596
2630,4,4,119.69999999999999,69.97999999999999,4.0,0.0,0.5846282372598162
2631,4,4,119.6,71.46,5.0,0.0,0.5974916387959865
2632,4,6,119.58,90.43,3.5,0.0,0.7562301388192006
2633,2,2,119.4,39.22,4.0,0.0,0.3284757118927973
2634,5,5,119.2,58.81,4.6,0.0,0.49337248322147653
2635,4,4,119.19999999999999,52.68,5.0,0.0,0.44194630872483226
2636,3,3,118.9,38.8,5.0,0.3333333333333333,0.32632464255677035
2637,2,4,118.69999999999999,45.62,5.0,0.0,0.38433024431339513
2638,3,3,118.39,56.22,5.0,0.0,0.47487118844497
2639,2,2,118.0,32.63,4.0,0.0,0.27652542372881356
2640,3,4,117.99,36.269999999999996,4.5,0.0,0.3073989321128909
2641,2,2,117.8,39.2,5.0,0.0,0.33276740237691005
2642,2,2,117.8,32.34,2.5,0.0,0.2745331069609508
2643,3,3,117.69999999999999,33.440000000000005,5.0,0.3333333333333333,0.28411214953271036
2644,2,3,117.68,57.12,2.3333333333333335,0.0,0.4853840924541128
2645,5,5,117.57,50.63,4.0,0.2,0.4306370672790678
2646,1,1,115.0,17.06,1.0,1.0,0.1483478260869565
2647,1,1,115.0,21.3,1.0,1.0,0.18521739130434783
2648,1,1,115.0,14.56,5.0,0.0,0.12660869565217392
2649,9,9,114.9,100.65,4.444444444444445,0.0,0.8759791122715405
2650,2,2,114.9,35.76,5.0,0.0,0.31122715404699736
2651,2,2,114.0,35.61,5.0,0.0,0.3123684210526316
2652,2,3,111.69999999999999,45.39,3.6666666666666665,0.0,0.4063563115487914
2653,1,1,110.25,13.79,1.0,0.0,0.12507936507936507
2654,1,1,109.99,17.21,4.0,0.0,0.15646876988817165
2655,1,1,109.9,34.57,5.0,0.0,0.3145586897179254
2656,1,1,109.9,27.07,5.0,0.0,0.2463148316651501
2657,1,1,109.9,19.74,5.0,0.0,0.17961783439490445
2658,1,1,109.0,16.52,5.0,0.0,0.15155963302752293
2659,1,1,109.0,11.78,5.0,0.0,0.10807339449541284
2660,1,1,109.0,12.67,1.0,0.0,0.11623853211009175
2661,1,1,108.5,12.26,3.0,0.0,0.11299539170506913
2662,2,3,108.0,93.7,2.3333333333333335,0.0,0.8675925925925926
2663,2,2,108.0,41.22,3.0,0.5,0.38166666666666665
2664,3,4,107.69,58.66,4.5,0.0,0.5447116723929798
2665,2,3,107.0,63.91,5.0,0.0,0.5972897196261682
2666,4,6,106.80000000000001,70.44,4.666666666666667,0.0,0.6595505617977527
2667,3,3,105.97,34.32,5.0,0.0,0.3238652448806266
2668,1,1,105.19,13.4,4.0,1.0,0.12738853503184713
2669,2,3,105.15,30.35,3.0,0.0,0.2886352829291488
2670,1,1,105.0,8.9,5.0,0.0,0.08476190476190476
2671,2,3,103.69999999999999,58.86,4.666666666666667,0.0,0.5675988428158149
2672,1,1,103.0,23.87,4.0,0.0,0.231747572815534
2673,3,3,102.69999999999999,58.73,3.6666666666666665,0.0,0.5718597857838364
2674,3,4,102.24,56.69,4.75,0.5,0.55447965571205
2675,2,2,102.05,39.099999999999994,5.0,0.0,0.38314551690347864
2676,1,1,102.0,23.64,5.0,0.0,0.23176470588235296
2677,2,2,101.9,52.54,4.5,0.0,0.515603532875368
2678,1,1,100.9,19.9,5.0,0.0,0.19722497522299304
2679,1,1,100.86,20.76,3.0,0.0,0.20582986317668056
2680,1,2,99.98,29.18,4.0,0.0,0.29185837167433487
2681,1,1,99.9,26.44,4.0,0.0,0.26466466466466465
2682,1,1,99.9,16.14,5.0,0.0,0.16156156156156157
2683,1,1,99.8,19.89,5.0,0.0,0.19929859719438878
2684,2,2,99.0,16.11,5.0,0.0,0.16272727272727272
2685,1,1,99.0,22.51,5.0,0.0,0.2273737373737374
2686,1,1,99.0,11.3,4.0,0.0,0.11414141414141415
2687,1,1,99.0,15.57,5.0,0.0,0.1572727272727273
2688,2,6,98.75,59.36,1.5,0.0,0.6011139240506329
2689,2,3,98.69999999999999,37.97,1.0,0.0,0.38470111448834854
2690,1,1,98.0,27.64,5.0,0.0,0.2820408163265306
2691,1,1,98.0,53.04,5.0,0.0,0.5412244897959183
2692,1,1,98.0,12.08,5.0,0.0,0.12326530612244899
2693,1,1,97.9,15.79,5.0,0.0,0.16128702757916238
2694,4,4,97.6,67.56,2.25,0.0,0.6922131147540984
2695,3,3,97.39999999999999,47.34,5.0,0.0,0.4860369609856264
2696,3,4,97.24,42.5,2.5,0.0,0.4370629370629371
2697,1,1,96.99,14.77,5.0,0.0,0.1522837405918136
2698,8,8,96.0,144.26,4.5,0.0,1.5027083333333333
2699,1,4,96.0,31.12,1.0,0.0,0.32416666666666666
2700,1,2,95.54,30.2,2.0,0.0,0.31609796943688506
2701,1,1,95.0,14.42,3.0,0.0,0.15178947368421053
2702,1,1,95.0,38.96,4.0,0.0,0.41010526315789475
2703,1,1,95.0,17.78,1.0,0.0,0.1871578947368421
2704,2,2,95.0,22.06,3.5,0.0,0.23221052631578945
2705,2,2,94.98,67.15,2.5,0.0,0.7069909454622026
2706,2,2,94.82,29.509999999999998,4.5,0.5,0.3112212613372706
2707,2,2,94.8,34.52,3.0,0.0,0.3641350210970465
2708,1,2,94.8,30.2,2.0,0.0,0.31856540084388185
2709,1,1,94.49,15.41,5.0,0.0,0.1630860408508837
2710,1,1,94.06,41.42,5.0,0.0,0.44035721879651285
2711,1,1,94.0,17.91,4.0,0.0,0.190531914893617
2712,2,2,94.0,29.869999999999997,4.5,0.0,0.31776595744680847
2713,1,1,93.56,12.99,5.0,0.0,0.13884138520735356
2714,1,1,92.9,20.97,4.0,0.0,0.22572658772874055
2715,1,1,92.0,13.22,1.0,0.0,0.14369565217391306
2716,2,2,90.98,50.349999999999994,1.0,0.0,0.5534183336997142
2717,3,3,90.25,47.230000000000004,5.0,0.0,0.5233240997229918
2718,1,1,90.0,8.37,5.0,0.0,0.09299999999999999
2719,1,1,90.0,16.39,5.0,0.0,0.1821111111111111
2720,1,3,90.0,40.650000000000006,5.0,0.0,0.4516666666666667
2721,1,1,89.99,18.87,1.0,1.0,0.209689965551728
2722,1,1,89.99,18.73,4.0,0.0,0.20813423713745974
2723,1,2,89.98,44.5,5.0,0.0,0.49455434541009113
2724,5,5,89.95,67.69,4.0,0.2,0.7525291828793774
2725,1,1,89.9,18.0,5.0,0.0,0.20022246941045604
2726,1,1,89.9,19.82,1.0,1.0,0.22046718576195773
2727,1,1,89.9,15.38,5.0,0.0,0.1710789766407119
2728,1,1,89.9,7.88,5.0,0.0,0.08765294771968854
2729,1,1,89.9,33.08,4.0,0.0,0.36796440489432697
2730,1,1,89.9,15.84,5.0,0.0,0.17619577308120132
2731,1,1,89.9,18.73,4.0,0.0,0.20834260289210232
2732,1,1,89.9,21.12,1.0,0.0,0.23492769744160177
2733,3,3,89.69999999999999,34.05,5.0,0.0,0.3795986622073579
2734,2,3,89.69999999999999,34.59,3.3333333333333335,0.3333333333333333,0.3856187290969901
2735,1,1,89.54,17.47,5.0,0.0,0.19510833147196782
2736,1,1,89.0,17.33,4.0,0.0,0.19471910112359547
2737,1,1,89.0,14.37,1.0,1.0,0.16146067415730336
2738,1,1,89.0,7.88,4.0,0.0,0.08853932584269662
2739,2,2,88.2,21.88,4.5,0.0,0.24807256235827663
2740,1,2,88.0,23.7,1.0,0.0,0.2693181818181818
2741,1,1,87.9,17.55,5.0,0.0,0.19965870307167236
2742,1,1,87.9,20.7,5.0,0.0,0.23549488054607506
2743,4,9,87.75999999999999,131.47,2.3333333333333335,0.0,1.49806289881495
2744,2,4,87.4,61.3,5.0,0.0,0.7013729977116704
2745,2,2,86.8,32.04,5.0,0.0,0.36912442396313366
2746,3,3,86.6,38.67,4.333333333333333,0.3333333333333333,0.4465357967667437
2747,1,1,86.5,19.85,3.0,0.0,0.2294797687861272
2748,1,1,86.0,51.1,5.0,0.0,0.5941860465116279
2749,1,1,85.9,19.57,1.0,0.0,0.22782305005820722
2750,1,1,85.9,34.4,5.0,0.0,0.4004656577415599
2751,5,5,85.5,102.31,4.4,0.0,1.196608187134503
2752,4,4,85.41,59.34,4.25,0.25,0.6947664207938181
2753,2,2,85.14,30.2,2.5,0.0,0.3547098895936105
2754,1,1,85.0,18.7,5.0,0.0,0.22
2755,1,1,85.0,14.34,1.0,0.0,0.16870588235294118
2756,4,4,85.0,54.03,4.0,0.0,0.6356470588235295
2757,3,3,84.35,49.25,2.6666666666666665,0.3333333333333333,0.5838767042086545
2758,2,2,84.0,27.83,3.0,0.0,0.3313095238095238
2759,2,3,84.0,43.989999999999995,1.0,0.6666666666666666,0.5236904761904762
2760,2,2,84.0,16.9,2.0,0.0,0.20119047619047617
2761,2,2,84.0,21.64,4.5,0.0,0.25761904761904764
2762,1,1,83.9,9.07,5.0,0.0,0.10810488676996424
2763,3,4,83.04,57.81999999999999,5.0,0.0,0.6962909441233139
2764,1,1,83.0,23.73,5.0,0.0,0.28590361445783136
2765,1,1,81.0,17.31,1.0,0.0,0.2137037037037037
2766,1,1,80.9,16.76,5.0,0.0,0.20716934487021013
2767,3,5,80.5,67.17,3.6,0.0,0.8344099378881987
2768,1,1,80.0,17.0,5.0,0.0,0.2125
2769,1,1,79.99,15.66,5.0,0.0,0.19577447180897614
2770,1,1,79.99,8.93,4.0,0.0,0.11163895486935867
2771,1,1,79.99,11.17,3.0,0.0,0.13964245530691338
2772,1,1,79.9,8.91,5.0,0.0,0.11151439299123904
2773,1,1,79.9,16.81,5.0,0.0,0.2103879849812265
2774,1,1,79.9,22.19,1.0,0.0,0.2777221526908636
2775,1,1,79.9,14.31,1.0,0.0,0.17909887359198998
2776,1,1,79.9,18.66,5.0,0.0,0.23354192740926155
2777,1,1,79.9,18.44,5.0,0.0,0.23078848560700876
2778,1,1,79.9,17.81,1.0,1.0,0.2229036295369211
2779,1,1,79.9,23.0,5.0,0.0,0.2878598247809762
2780,2,2,79.8,21.88,2.5,0.0,0.27418546365914787
2781,2,2,79.8,34.2,4.5,0.0,0.4285714285714286
2782,2,2,79.8,23.17,3.0,0.0,0.29035087719298247
2783,2,2,79.8,25.07,4.0,0.0,0.3141604010025063
2784,3,3,79.69999999999999,73.1,4.0,0.0,0.9171894604767881
2785,2,3,79.69999999999999,32.88,4.333333333333333,0.0,0.412547051442911
2786,1,1,79.39,14.14,5.0,0.0,0.1781080740647437
2787,1,1,79.0,14.13,5.0,0.0,0.1788607594936709
2788,2,2,78.8,30.2,5.0,0.0,0.383248730964467
2789,2,2,78.35,24.54,1.0,0.0,0.3132099553286535
2790,2,2,77.5,71.8,4.0,0.0,0.9264516129032258
2791,2,2,76.8,30.950000000000003,5.0,0.0,0.40299479166666674
2792,1,1,76.09,8.69,5.0,0.0,0.11420686029701668
2793,1,2,76.0,18.04,5.0,0.0,0.23736842105263156
2794,1,1,75.0,21.33,4.0,0.0,0.2844
2795,2,4,75.0,63.78,5.0,0.0,0.8504
2796,1,1,75.0,27.48,3.0,0.0,0.3664
2797,1,2,75.0,32.22,1.0,0.0,0.4296
2798,1,1,75.0,24.83,1.0,0.0,0.3310666666666666
2799,2,2,74.99000000000001,45.89,5.0,0.5,0.611948259767969
2800,1,1,74.99,13.1,1.0,0.0,0.17468995866115483
2801,3,3,74.97,45.25,3.3333333333333335,0.0,0.6035747632386288
2802,1,1,74.9,58.9,1.0,0.0,0.7863818424566087
2803,2,2,74.8,30.22,3.0,0.0,0.40401069518716576
2804,3,3,74.69999999999999,72.6,4.333333333333333,0.0,0.9718875502008033
2805,4,4,74.6,59.71,3.5,0.5,0.800402144772118
2806,1,1,73.99,62.77,5.0,0.0,0.8483578862008381
2807,2,2,73.78999999999999,25.88,4.5,0.0,0.3507250304919366
2808,1,1,73.4,14.73,5.0,0.0,0.20068119891008174
2809,1,1,72.9,14.39,3.0,0.0,0.19739368998628257
2810,4,4,72.81,68.83,4.75,0.0,0.9453371789589342
2811,1,2,72.0,14.78,1.0,0.0,0.20527777777777778
2812,2,2,71.88,22.88,3.0,0.0,0.3183082915971063
2813,1,3,70.5,47.37,5.0,0.0,0.6719148936170213
2814,1,1,70.0,16.74,1.0,0.0,0.23914285714285713
2815,1,1,70.0,35.34,5.0,0.0,0.5048571428571429
2816,2,2,70.0,36.46,3.0,0.5,0.5208571428571429
2817,1,1,70.0,19.46,5.0,0.0,0.278
2818,1,1,69.99,16.68,5.0,0.0,0.2383197599657094
2819,1,1,69.9,15.37,5.0,0.0,0.2198855507868383
2820,1,1,69.9,37.4,5.0,0.0,0.5350500715307581
2821,1,1,69.9,8.11,5.0,0.0,0.11602288984263232
2822,1,1,69.9,15.59,5.0,0.0,0.22303290414878396
2823,1,1,69.9,9.18,3.0,0.0,0.13133047210300428
2824,1,1,69.9,9.62,1.0,0.0,0.13762517882689554
2825,1,1,69.9,17.92,1.0,0.0,0.2563662374821173
2826,1,1,69.9,23.64,4.0,0.0,0.3381974248927038
2827,2,2,69.8,33.69,5.0,0.0,0.4826647564469914
2828,2,2,69.8,45.72,4.0,0.0,0.6550143266475644
2829,1,1,69.0,15.24,3.0,0.0,0.22086956521739132
2830,2,2,69.0,24.55,3.0,0.0,0.3557971014492754
2831,2,2,68.0,40.73,2.0,0.0,0.598970588235294
2832,1,1,67.5,35.79,1.0,0.0,0.5302222222222223
2833,1,1,66.64,23.4,4.0,0.0,0.35114045618247297
2834,2,4,66.59,43.58,3.0,0.0,0.6544526205135905
2835,2,3,66.0,34.01,3.6666666666666665,0.0,0.5153030303030303
2836,2,2,65.98,18.22,3.5,0.0,0.27614428614731734
2837,3,3,65.4,23.34,4.0,0.0,0.3568807339449541
2838,2,6,65.15,84.6,1.6666666666666667,0.0,1.2985418265541058
2839,1,1,65.0,15.89,1.0,0.0,0.24446153846153848
2840,1,1,65.0,13.12,3.0,0.0,0.20184615384615384
2841,1,1,64.99,18.02,5.0,0.0,0.2772734266810279
2842,1,1,64.9,31.2,5.0,0.0,0.4807395993836671
2843,1,1,64.9,25.33,1.0,0.0,0.3902927580893682
2844,2,2,64.0,44.0,3.0,0.0,0.6875
2845,2,2,63.699999999999996,38.29,4.0,0.0,0.6010989010989011
2846,1,1,62.8,9.94,5.0,0.0,0.15828025477707006
2847,3,3,62.699999999999996,36.44,3.6666666666666665,0.0,0.5811802232854865
2848,2,2,62.599999999999994,23.659999999999997,4.0,0.0,0.3779552715654952
2849,1,1,62.49,57.21,4.0,0.0,0.9155064810369659
2850,1,1,62.45,15.2,1.0,0.0,0.24339471577261806
2851,1,1,61.9,14.74,5.0,0.0,0.2381260096930533
2852,1,1,61.56,16.19,3.0,0.0,0.2629954515919428
2853,3,3,61.47,33.77,5.0,0.0,0.5493736782170164
2854,2,2,61.0,36.62,5.0,0.0,0.6003278688524589
2855,1,1,60.99,21.23,5.0,0.0,0.3480898507952123
2856,1,1,60.9,22.36,5.0,0.0,0.3671592775041051
2857,3,3,60.7,40.68,5.0,0.3333333333333333,0.6701812191103789
2858,1,1,60.5,9.17,5.0,1.0,0.1515702479338843
2859,4,4,60.05,29.56,3.5,0.0,0.4922564529558701
2860,1,2,60.0,17.64,3.0,1.0,0.294
2861,2,2,60.0,27.7,4.5,0.0,0.46166666666666667
2862,2,2,60.0,30.08,4.5,0.0,0.5013333333333333
2863,1,1,59.99,17.67,1.0,0.0,0.29454909151525255
2864,1,1,59.9,11.03,5.0,0.0,0.18414023372287144
2865,1,1,59.9,19.66,3.0,1.0,0.3282136894824708
2866,1,1,59.9,38.52,5.0,0.0,0.6430717863105176
2867,1,1,59.9,13.99,4.0,0.0,0.2335559265442404
2868,1,1,59.9,16.18,5.0,0.0,0.2701168614357262
2869,1,1,59.9,9.11,5.0,0.0,0.15208681135225374
2870,1,1,59.9,22.13,5.0,0.0,0.369449081803005
2871,2,2,59.8,15.3,5.0,0.0,0.2558528428093646
2872,2,2,59.8,31.18,2.5,0.0,0.5214046822742475
2873,1,1,59.47,26.96,1.0,1.0,0.4533378173869178
2874,1,1,59.3,7.39,1.0,1.0,0.12462057335581787
2875,3,3,59.01,64.72,4.666666666666667,0.0,1.096763260464328
2876,1,1,59.0,19.32,5.0,0.0,0.32745762711864407
2877,1,1,59.0,22.34,5.0,0.0,0.37864406779661014
2878,1,1,59.0,15.51,5.0,0.0,0.2628813559322034
2879,1,1,59.0,12.66,5.0,0.0,0.21457627118644068
2880,1,1,58.99,19.65,1.0,0.0,0.3331073063231056
2881,1,1,58.8,14.16,3.0,0.0,0.24081632653061225
2882,1,1,57.99,18.51,1.0,0.0,0.3191929643041904
2883,2,3,57.88,50.14,5.0,0.0,0.8662750518313752
2884,1,3,57.0,45.3,5.0,0.0,0.7947368421052631
2885,1,1,55.9,23.54,3.0,0.0,0.4211091234347048
2886,1,2,55.8,28.88,5.0,0.0,0.5175627240143369
2887,1,1,55.0,7.87,5.0,0.0,0.1430909090909091
2888,1,1,55.0,11.89,3.0,1.0,0.2161818181818182
2889,1,1,55.0,8.29,5.0,0.0,0.1507272727272727
2890,2,2,54.98,38.870000000000005,3.0,0.0,0.706984357948345
2891,1,1,54.86,17.66,5.0,0.0,0.3219103171709807
2892,2,2,54.8,25.95,3.0,0.5,0.47354014598540145
2893,2,2,54.8,28.72,3.5,0.0,0.5240875912408759
2894,1,1,54.3,7.64,4.0,0.0,0.1406998158379374
2895,1,1,54.0,14.55,5.0,0.0,0.26944444444444443
2896,2,2,53.8,14.89,2.5,0.0,0.27676579925650563
2897,3,3,52.99,23.34,3.0,0.0,0.4404604642385356
2898,2,2,52.79,26.94,4.0,0.0,0.5103239249857928
2899,2,2,52.0,36.56,5.0,0.0,0.7030769230769232
2900,2,2,51.98,26.060000000000002,4.5,0.0,0.501346671796845
2901,1,1,51.9,19.55,5.0,0.0,0.37668593448940274
2902,2,2,51.9,34.54,2.5,0.5,0.6655105973025048
2903,2,2,51.8,23.06,4.0,0.0,0.4451737451737452
2904,3,3,51.0,33.01,5.0,0.0,0.6472549019607843
2905,1,1,50.0,8.72,5.0,0.0,0.1744
2906,1,1,50.0,15.11,1.0,0.0,0.30219999999999997
2907,1,1,50.0,7.77,4.0,1.0,0.15539999999999998
2908,3,3,50.0,43.1,3.6666666666666665,0.0,0.862
2909,1,1,49.99,11.17,5.0,0.0,0.22344468893778754
2910,1,1,49.9,22.28,5.0,0.0,0.4464929859719439
2911,1,1,49.9,18.45,3.0,0.0,0.3697394789579158
2912,1,1,49.9,21.82,5.0,0.0,0.4372745490981964
2913,1,1,49.9,26.61,1.0,0.0,0.5332665330661323
2914,1,1,49.9,20.75,5.0,0.0,0.41583166332665333
2915,1,1,49.9,12.48,5.0,0.0,0.2501002004008016
2916,2,2,49.849999999999994,26.369999999999997,4.0,0.0,0.528986960882648
2917,1,1,49.8,7.71,5.0,0.0,0.15481927710843374
2918,1,1,49.7,16.11,5.0,0.0,0.32414486921529173
2919,1,1,49.7,14.52,2.0,0.0,0.29215291750503014
2920,1,3,49.6,51.18,1.0,0.0,1.0318548387096773
2921,1,1,49.6,9.34,1.0,0.0,0.18830645161290321
2922,2,2,49.25,14.870000000000001,4.5,0.0,0.3019289340101523
2923,1,1,49.0,7.6,5.0,0.0,0.15510204081632653
2924,1,1,49.0,19.32,5.0,0.0,0.3942857142857143
2925,1,1,49.0,14.52,3.0,0.0,0.2963265306122449
2926,1,1,49.0,8.29,1.0,0.0,0.16918367346938773
2927,1,1,49.0,15.1,5.0,0.0,0.3081632653061224
2928,1,2,48.98,56.59,5.0,0.0,1.1553695385871785
2929,1,1,48.9,12.48,5.0,0.0,0.2552147239263804
2930,1,1,48.9,17.92,1.0,0.0,0.3664621676891616
2931,1,1,48.0,17.93,2.0,0.0,0.37354166666666666
2932,1,2,47.8,36.46,5.0,0.0,0.7627615062761507
2933,2,2,47.8,14.86,4.5,0.0,0.3108786610878661
2934,2,3,47.7,73.11,5.0,0.0,1.5327044025157233
2935,1,1,47.4,12.41,5.0,0.0,0.26181434599156117
2936,1,1,47.4,12.79,5.0,0.0,0.269831223628692
2937,1,1,47.0,8.72,5.0,0.0,0.18553191489361703
2938,1,1,45.9,17.07,3.0,0.0,0.3718954248366013
2939,1,1,45.8,17.6,5.0,0.0,0.3842794759825328
2940,1,1,45.22,18.89,1.0,1.0,0.4177355152587351
2941,1,1,45.0,8.72,3.0,0.0,0.1937777777777778
2942,1,1,45.0,14.11,1.0,0.0,0.31355555555555553
2943,1,1,45.0,20.43,1.0,0.0,0.454
2944,1,1,45.0,10.96,5.0,0.0,0.24355555555555558
2945,1,1,44.99,8.48,5.0,1.0,0.18848633029562126
2946,1,3,44.97,45.69,5.0,0.0,1.0160106737825216
2947,1,1,44.9,12.79,5.0,0.0,0.28485523385300665
2948,1,1,44.9,23.45,3.0,0.0,0.522271714922049
2949,1,1,44.5,12.97,5.0,0.0,0.29146067415730337
2950,2,2,43.2,26.98,3.0,0.0,0.624537037037037
2951,2,2,43.0,22.83,3.0,0.0,0.5309302325581395
2952,1,1,42.9,16.49,5.0,0.0,0.38438228438228433
2953,1,1,42.9,18.4,5.0,0.0,0.42890442890442887
2954,1,1,41.9,35.48,4.0,0.0,0.8467780429594272
2955,1,1,41.9,19.84,1.0,0.0,0.47350835322195706
2956,1,1,41.9,7.55,5.0,0.0,0.1801909307875895
2957,2,2,41.8,28.619999999999997,3.5,0.0,0.684688995215311
2958,1,2,41.8,23.7,3.0,0.0,0.5669856459330144
2959,1,1,41.76,19.32,5.0,0.0,0.46264367816091956
2960,1,1,41.52,14.43,5.0,0.0,0.34754335260115604
2961,2,2,41.0,47.68,5.0,0.5,1.1629268292682926
2962,1,2,40.0,28.2,1.0,0.0,0.705
2963,1,1,39.9,16.05,1.0,1.0,0.40225563909774437
2964,1,1,39.9,10.96,4.0,0.0,0.27468671679198
2965,1,1,39.9,22.21,2.0,0.0,0.556641604010025
2966,1,1,39.9,18.38,5.0,0.0,0.4606516290726817
2967,2,2,39.8,20.53,2.0,0.0,0.5158291457286432
2968,1,1,39.0,8.43,5.0,0.0,0.21615384615384614
2969,1,1,39.0,18.23,5.0,0.0,0.4674358974358975
2970,1,1,39.0,16.79,5.0,0.0,0.43051282051282047
2971,1,2,38.9,31.12,5.0,0.0,0.8
2972,3,3,38.7,40.0,4.333333333333333,0.0,1.0335917312661498
2973,2,3,38.67,45.3,4.333333333333333,0.0,1.1714507370054303
2974,1,2,38.2,17.44,5.0,0.0,0.45654450261780105
2975,2,2,37.98,15.85,1.5,0.0,0.4173249078462349
2976,1,1,36.9,14.52,3.0,0.0,0.3934959349593496
2977,1,2,36.76,14.78,4.0,0.0,0.4020674646354733
2978,2,2,36.49,34.69,3.5,0.0,0.9506714168265277
2979,2,3,36.0,42.36,1.0,0.0,1.1766666666666667
2980,1,1,35.0,15.1,5.0,0.0,0.43142857142857144
2981,1,1,35.0,17.78,1.0,0.0,0.508
2982,1,1,35.0,16.6,1.0,0.0,0.4742857142857143
2983,1,1,35.0,15.23,5.0,0.0,0.43514285714285716
2984,1,1,35.0,10.96,1.0,0.0,0.31314285714285717
2985,1,1,34.99,8.29,1.0,0.0,0.2369248356673335
2986,1,1,34.99,14.13,5.0,0.0,0.4038296656187482
2987,2,2,34.93,23.21,5.0,0.0,0.6644718007443459
2988,3,3,34.5,42.67,2.3333333333333335,0.3333333333333333,1.2368115942028985
2989,1,3,33.81,38.37,1.0,0.0,1.1348713398402839
2990,2,2,33.8,19.68,3.0,0.0,0.5822485207100592
2991,1,1,32.99,7.39,5.0,0.0,0.22400727493179748
2992,2,2,32.83,31.09,3.0,0.0,0.9469996954005483
2993,1,1,32.5,7.49,4.0,0.0,0.23046153846153847
2994,2,2,31.8,27.58,3.0,0.0,0.8672955974842766
2995,1,1,30.0,9.34,3.0,0.0,0.31133333333333335
2996,1,1,30.0,14.51,5.0,0.0,0.48366666666666663
2997,1,1,30.0,17.14,5.0,0.0,0.5713333333333334
2998,1,1,29.99,30.41,3.0,0.0,1.014004668222741
2999,1,1,29.99,15.1,5.0,0.0,0.5035011670556853
3000,1,1,29.99,18.99,5.0,0.0,0.6332110703567856
3001,1,1,29.9,16.11,3.0,0.0,0.5387959866220736
3002,1,1,29.9,6.66,1.0,0.0,0.22274247491638796
3003,1,1,29.9,14.52,5.0,0.0,0.48561872909699
3004,1,1,29.9,7.78,4.0,0.0,0.2602006688963211
3005,1,1,29.9,19.04,4.0,0.0,0.6367892976588628
3006,1,1,29.9,17.14,5.0,0.0,0.5732441471571906
3007,1,1,29.9,15.11,4.0,0.0,0.5053511705685618
3008,1,1,29.9,38.14,2.0,0.0,1.2755852842809365
3009,1,1,29.88,7.68,5.0,0.0,0.2570281124497992
3010,1,1,29.8,12.69,3.0,0.0,0.4258389261744966
3011,1,2,29.8,17.57,2.0,0.0,0.5895973154362416
3012,2,3,29.700000000000003,43.67,2.3333333333333335,0.0,1.4703703703703703
3013,1,1,29.4,17.92,5.0,0.0,0.6095238095238096
3014,1,1,28.9,10.96,1.0,0.0,0.37923875432525955
3015,1,1,28.8,11.22,1.0,0.0,0.38958333333333334
3016,1,1,28.79,14.52,5.0,0.0,0.5043417853421327
3017,2,2,28.0,22.83,4.5,0.0,0.8153571428571428
3018,2,2,27.98,23.04,1.0,0.0,0.823445318084346
3019,1,1,27.9,15.1,5.0,0.0,0.5412186379928315
3020,1,1,27.9,9.26,2.0,0.0,0.3318996415770609
3021,1,1,27.9,27.08,5.0,0.0,0.9706093189964158
3022,1,2,27.1,49.68,3.0,0.0,1.8332103321033208
3023,1,1,26.3,8.29,5.0,0.0,0.3152091254752851
3024,1,1,25.99,37.09,5.0,0.0,1.42708734128511
3025,1,1,25.9,8.72,4.0,0.0,0.3366795366795367
3026,1,1,25.0,10.96,,0.0,0.4384
3027,1,1,25.0,15.1,5.0,0.0,0.604
3028,2,4,25.0,38.05,5.0,0.0,1.5219999999999998
3029,1,1,24.99,15.28,5.0,0.0,0.6114445778311325
3030,1,1,24.99,11.85,5.0,0.0,0.47418967587034816
3031,1,1,24.9,14.52,5.0,0.0,0.5831325301204819
3032,1,1,24.9,18.23,4.0,0.0,0.7321285140562249
3033,1,1,23.92,18.27,5.0,0.0,0.7637959866220735
3034,1,1,23.9,15.56,,1.0,0.6510460251046025
3035,1,1,23.9,15.27,5.0,0.0,0.6389121338912134
3036,1,1,23.9,42.38,5.0,0.0,1.773221757322176
3037,2,2,23.7,28.57,4.5,0.0,1.2054852320675107
3038,1,1,23.0,8.91,1.0,0.0,0.3873913043478261
3039,1,1,22.9,7.42,5.0,0.0,0.3240174672489083
3040,1,1,22.5,8.32,2.0,1.0,0.3697777777777778
3041,2,2,22.4,28.96,3.0,0.0,1.292857142857143
3042,1,1,22.3,8.88,5.0,0.0,0.39820627802690584
3043,1,1,22.2,10.96,5.0,0.0,0.49369369369369376
3044,1,1,21.99,15.1,4.0,0.0,0.6866757617098681
3045,1,1,21.9,17.19,4.0,0.0,0.7849315068493152
3046,1,1,21.6,15.1,4.0,0.0,0.699074074074074
3047,1,1,20.99,11.85,1.0,0.0,0.5645545497856123
3048,1,1,20.9,7.39,5.0,0.0,0.3535885167464115
3049,1,1,20.0,29.69,5.0,0.0,1.4845000000000002
3050,1,1,20.0,14.1,5.0,0.0,0.705
3051,1,1,19.99,22.06,3.0,0.0,1.103551775887944
3052,2,2,19.98,32.64,5.0,0.0,1.6336336336336337
3053,1,1,19.9,14.52,5.0,0.0,0.7296482412060302
3054,1,1,19.9,14.1,5.0,0.0,0.7085427135678393
3055,1,1,19.9,14.11,1.0,0.0,0.7090452261306532
3056,1,1,19.9,8.11,5.0,0.0,0.40753768844221105
3057,1,1,19.9,15.23,5.0,0.0,0.7653266331658293
3058,1,1,19.9,10.96,5.0,0.0,0.5507537688442212
3059,1,2,19.8,18.68,4.0,0.0,0.9434343434343434
3060,1,1,19.8,14.1,1.0,0.0,0.712121212121212
3061,1,1,19.7,10.96,1.0,0.0,0.5563451776649747
3062,1,1,19.3,18.24,5.0,0.0,0.9450777202072538
3063,1,1,18.9,18.23,5.0,0.0,0.9645502645502646
3064,1,1,18.9,12.79,5.0,0.0,0.6767195767195767
3065,1,1,18.9,12.79,5.0,0.0,0.6767195767195767
3066,1,1,18.8,15.1,5.0,0.0,0.803191489361702
3067,1,1,17.8,14.12,5.0,0.0,0.793258426966292
3068,1,1,15.9,11.11,5.0,0.0,0.6987421383647798
3069,1,1,15.5,12.79,5.0,0.0,0.8251612903225806
3070,1,1,14.9,15.23,5.0,0.0,1.0221476510067113
3071,1,1,14.9,20.84,5.0,0.0,1.3986577181208053
3072,1,1,14.9,14.52,,1.0,0.9744966442953019
3073,1,1,14.63,23.74,5.0,0.0,1.6226930963773067
3074,1,1,14.5,10.96,1.0,0.0,0.7558620689655173
3075,1,1,14.0,10.96,3.0,0.0,0.7828571428571429
3076,1,1,13.9,17.92,5.0,0.0,1.2892086330935253
3077,1,1,13.0,12.69,1.0,0.0,0.9761538461538461
3078,1,1,12.99,8.29,4.0,0.0,0.6381832178598922
3079,1,1,12.5,10.96,5.0,0.0,0.8768
3080,1,1,12.5,14.52,4.0,0.0,1.1616
3081,1,1,12.5,7.39,1.0,0.0,0.5912
3082,2,2,12.0,42.42,4.0,0.0,3.535
3083,1,1,11.9,8.29,1.0,0.0,0.6966386554621847
3084,1,1,11.9,7.39,5.0,0.0,0.6210084033613444
3085,1,1,10.9,16.79,2.0,1.0,1.5403669724770641
3086,1,1,9.99,18.23,5.0,0.0,1.8248248248248249
3087,1,1,9.9,14.1,5.0,0.0,1.424242424242424
3088,1,1,9.0,18.59,5.0,0.0,2.0655555555555556
3089,1,1,8.49,7.87,5.0,0.0,0.9269729093050648
3090,1,1,8.25,10.96,5.0,0.0,1.3284848484848486
3091,1,1,8.0,14.52,1.0,0.0,1.815
3092,1,1,7.6,10.96,5.0,0.0,1.442105263157895
3093,1,1,6.9,9.0,1.0,0.0,1.3043478260869565
3094,1,1,6.5,8.72,5.0,0.0,1.3415384615384616
3095,1,1,3.5,8.72,5.0,0.0,2.4914285714285715
